-- phpMyAdmin SQL Dump
-- version 5.0.2
-- https://www.phpmyadmin.net/
--
-- Host: 127.0.0.1
-- Gegenereerd op: 19 okt 2020 om 20:53
-- Serverversie: 10.4.14-MariaDB
-- PHP-versie: 7.4.10

SET SQL_MODE = "NO_AUTO_VALUE_ON_ZERO";
START TRANSACTION;
SET time_zone = "+00:00";


/*!40101 SET @OLD_CHARACTER_SET_CLIENT=@@CHARACTER_SET_CLIENT */;
/*!40101 SET @OLD_CHARACTER_SET_RESULTS=@@CHARACTER_SET_RESULTS */;
/*!40101 SET @OLD_COLLATION_CONNECTION=@@COLLATION_CONNECTION */;
/*!40101 SET NAMES utf8mb4 */;

--
-- Database: `ictportal`
--

-- --------------------------------------------------------

--
-- Tabelstructuur voor tabel `docenten`
--

CREATE TABLE `docenten` (
  `docent_id` int(11) NOT NULL,
  `voornaam` varchar(32) NOT NULL,
  `achternaam` varchar(32) NOT NULL,
  `email` varchar(255) NOT NULL,
  `telefoonnummer` int(11) NOT NULL,
  `gebruikersnaam` varchar(100) NOT NULL,
  `wachtwoord` varchar(100) NOT NULL,
  `foto` longblob DEFAULT NULL,
  `twitter` varchar(45) DEFAULT NULL,
  `linkedin` varchar(45) DEFAULT NULL,
  `instagram` varchar(45) DEFAULT NULL
) ENGINE=InnoDB DEFAULT CHARSET=utf8mb4;

--
-- Gegevens worden geëxporteerd voor tabel `docenten`
--

INSERT INTO `docenten` (`docent_id`, `voornaam`, `achternaam`, `email`, `telefoonnummer`, `gebruikersnaam`, `wachtwoord`, `foto`, `twitter`, `linkedin`, `instagram`) VALUES
(3, 'Gerjan', 'van Oenen', 'gerjan.vanoenen@nhlstenden.com', 61234567, 'gerjanvoenen', 'test', 0xffd8ffe000104a46494600010100000100010000fffe003b43524541544f523a2067642d6a7065672076312e3020287573696e6720494a47204a50454720763632292c207175616c697479203d2038320affdb0043000604040504040605050506060607090e0909080809120d0d0a0e1512161615121414171a211c17181f1914141d271d1f2223252525161c292c28242b21242524ffdb00430106060609080911090911241814182424242424242424242424242424242424242424242424242424242424242424242424242424242424242424242424242424ffc000110801f4019003012200021101031101ffc4001f0000010501010101010100000000000000000102030405060708090a0bffc400b5100002010303020403050504040000017d01020300041105122131410613516107227114328191a1082342b1c11552d1f02433627282090a161718191a25262728292a3435363738393a434445464748494a535455565758595a636465666768696a737475767778797a838485868788898a92939495969798999aa2a3a4a5a6a7a8a9aab2b3b4b5b6b7b8b9bac2c3c4c5c6c7c8c9cad2d3d4d5d6d7d8d9dae1e2e3e4e5e6e7e8e9eaf1f2f3f4f5f6f7f8f9faffc4001f0100030101010101010101010000000000000102030405060708090a0bffc400b51100020102040403040705040400010277000102031104052131061241510761711322328108144291a1b1c109233352f0156272d10a162434e125f11718191a262728292a35363738393a434445464748494a535455565758595a636465666768696a737475767778797a82838485868788898a92939495969798999aa2a3a4a5a6a7a8a9aab2b3b4b5b6b7b8b9bac2c3c4c5c6c7c8c9cad2d3d4d5d6d7d8d9dae2e3e4e5e6e7e8e9eaf2f3f4f5f6f7f8f9faffda000c03010002110311003f00f7214b49476a005a28e945002d1451400b4628a2800a5149da9450014514771400b45145002d18a28a0028a28a003bd1ed466827a50018a28a5fad001451494007a52f7a3bd274a00297a530b8ca82704f6a50c189c106818b45267228c838f7a003bd275a0f23d2909038a4019ef4dcf5c52d358e38a000fa9a42683cd373de8188690f51416e2984f24e7ad00292334d2792690934c6271c77a431d93c7ad349e73485873e8299bb279181400e27ad341e9e829bbb9cf7a616cb77c7a503240d93fca9a492382299bb9c526e0307b9a00909dab80290b7e66a30e4f39a3771fa50049bbbf3e94b9e3eb516ec91cf43416e724f7cd006c52f4a052d519851c514b40051451400b452528a00339a5a3a5140052d252d001474a3a51de800a5e9494bde800a3ad1450014b483341e940052d267afb51c7ad002e70298f34710cbc88a3dce2b98f15fc41d2bc2e85659564b82322343923dc8eb8e0f6edd6bc5bc5df182eb549046b23c701048014920fba9039fc6a5c922e306cf78bef16697624ab5c2338ec187ff00aeb1ae7e24699e5b3c7a85940aa7696909620fa638ff003dabe61bbf115eea2c42ed5073b822004fe43e955d24b999fcd397ddc6431ce7f1acdd435548f7dd53e2edb2486da6844c76968e68f8040e7383c8f639aac9f17e35668cf91e6f263990128e39c647507f4af1389e554c2160a0f01ba1f6a72abf1b003f2ee031deb3754d1513daa6f8c975142cc89134a83214f4947aa9fe120738e41f6a641f1ab50843dcb456d756aaf861b0a3af4f426bc6cf99e51190c0755eea6a467df03a21f2cb0e7dfbd1ed43d89f4668ff0017340d4ad5a59a636f22fde461c74cf07b8fc0575f6ba8da5e207b7b88a55619055b35f1e42f345feae42339e0f41d88fa56a69de33d734bb75b48ef658523fb8de9c631cf6c568aa19ca958fadb7007a8a693c93debc0bc3ff1c358b5b106f52dae8c4db650e761dbd8823af439e3d2bbef0dfc63d0b5bd915defd3ee1b8024e51b9c70ddff00102ad4919b8b3be2704d3734c8e64957cc560c8dca91c8343312391815448a49cfb5309c719e941271d6984818f52690c18f34c66e05231ebc7b5359b8c0a00566191e9da99b8d377734c2fd067ad218e2dd78c534bf4a63bf3cf000e9eb4d2c48cf4a00937e49148580c64679e95117fa0cd34b6050325de4f18a52c71d4d405d813d39a5ddd07f5a02c4c1fa9068dc14e4e4e3b5421b3407da3be4d303a31cd28a414b5464039a5a414b40051451400b4519a2800f7a5fad252e33d6800eb4b48296800a3f0a28a000d29ed45140051de8a2800a28a3906800e075e95c578fbc629a2d84c90dc5badc636c6b231c163f4049c0e6b4bc55e254d2e068e2f9a5c648079af15d4b48b9d6e732df3190b3129137dd45ae7ad888c343aa861a5535389d5f52bbd6272ede7468d8660e78918719e9ff00ea155a0d0a6770363924f619c0fc6bbd4f074625fb8cc546323d7ebfe7a55f87428e2c8d870bc6338ae1962afb1e943076dce09b45861548846e242df74ae4fe9c1a60d35558663cb1e771ff0001d7f0af441a2090eff2558918191d07e5c54f6de1c8d1bcd700c8ddf3d3e9593c41afd58e060d0e563e61563d0ec2b8fce9b3e9eca42a82a3196c8c63dabd20e9490c6c01ea318249acc9f48468f688941e84e3f954aafa94f0c706d6659870491e83daa37b61c2ed61838ce6bb23a46d0728719e335567d255739518efc55aac88741a394367b4fafcd9aa971666539073d8f35d54ba62a2f19f5cd556b3541cae4d6aaa194a91c9dcd892a42643375c77aad6b74f653ed937053d181e9db3fe7dabad7b203e623afbd64dfe9e92024a0e075ade157b9cd528f54779f0e3e275de8b706daee4171a736098d9f984e719527b7238f715edba57882c35a8c3da5c24808cedddf30cfa8af8f184ba6ca1949c6738c574be11f1bdde85750dd4534c1a3902f964e55a23f7971f911f4ae94ce4944fab59bbd319bae3ae7bd62e85e26b4d66d91a2915a43c0edbb8cf4edc7f235ac4e09fad5116066241c727d698cd8c81d7f9523385e33cf5c544c464e475eb400a5be5c73cf7a616c1fbdda9ace08ec00f5a89a4071b79cd031e5f27bf3ce69a5812720922a332704fe94cf3081c904fd29012b36eebdb9a4dd800d421f030c7393da98650ed9c600e06681964c98cfae693793ec3bf155cc9ce71c502552c0727140160baaf73f4a50e07e75544809e3939eb4ff336f5c66981d80a5a414b8ab310a28a5a0028a38a2800a5a4a5c7ad001d29739a4a5a003a528a4a5a0005140e9475140051914b40a003e9451477e28016b335ad523d3adcf790f4156350bf8f4fb7695c67b281dcd7177334fa84e6698e49e83b015cb88c47b3565b9db84c2baaeef633ae91af647924192e79cd0ba72862fb72483f955f58403c8a9c47c0af1e4dc9dd9f411828ab23356cd42f0bc139fad3469c24032323ef1f735a7e585cf04f3418b032060d4d8b335ad028c77a8da20001e95a4f1720e2a278b3c62a5a1a467ba02bcf7e3154a584139ad6741d08aaf220e4520e531e7873cfe62b3268cf3f2e3d735d0cb08c74acfb8b71cf269a25a302684107a022a8cb001d8e7d456ddc4057922b3e68c907079ada2ce79c4ca78c11d2aa4d6ea41006735a72af3d055795076ade2ce771398d4acb7e415e79fe55ce4f13dbbfca4e7b71c0aeeeead7cc0700fd45737a9d917ea39f6aeba5338ab5336bc23f102eb49b94323676b2118e338233f98dc3f1afa2741d7a0d7ac56ee0912407ba1c8ff3d2be3e90792f8cf4f7aea3c29e36bfd0dc470dd3242fc38cf03dc574267233ea76936e3d7d6a3773c9ce2b17c31e2283c47a5a5e4242e786527915a4ed9e79c551361c5b771dbbe6a37914773cd35d87439e7b5404e07e9cd0325691b69c60547bc01d78a85dc73cee269a5ce38ea68025f34670339a689390735079899201a6f9a4fb0ec2802c6fc9c93fad2997e6c5570fee3269164272dc7e34016449c7c87033d714edfb71cf5aabbb381bb9a707ce4e471e94c67a052d20a5ab300e94b494039a005a28e947e7400bf851d68a2801681494b4005028a280168341a38cd002f7e281494a2800a46658d4b31c003269474ac9d7ef0c56e2043f34bd7d8544e5cb1726694e0e7251462ea576fa8dc96cfeed7841edeb508878e0f6e69cb8523ad48170dd47e35e2ce4e4eecfa5a30508a8a182325785c5218cf400f1dead6ce39e9e9eb47964f5523d80a9b1b2657440464a9fcea431fca0600a902e3bd3c21229581b2949191819fd298f1e066ad9403800e3dea29146781f9d4341cc50962e7b62aac911ea00cd69c880f3fceabba7f1718a562948cc9a30579e6a8dc45b81f6ad69d76e48e40f5acfb8208f414ec231ee63c76e2b32e63c735af7041e1474acc9f9183d2aa26524664898ebcd55910a920d5c98633eb55198eec56c8e696e42d16ee0d63ea76a304d6de720e38355af22f313a74ad62ec6338dcf3ad4e2d929edef55a33f30038c8fcab675db7f2e426b0893d2bbe0ee8f32a2b33b5f0bf8eef34229046e446a0e06e241edd3a57b5f85fc5fff00092daf98f1a42e1b63460e594e33cfb11debe6056c1209c62ba5f0c78cf50d12f0496ee80b00183f0a47e15441f4b34a0b6371cf5350bc801c28fc6b23c3daf7f6d6951ddb05dec3f84820fbf1575a4000cf04f6a02c4ad2f23040fa546d2eee39c542d36781802a36972393f850327dff0031208fca9a6463c06a80cc31c1e071d29be62ae0704fa50058df8e99c52f99c0e7f01554cadc673c9fc29de66d0001c9ef4c762cefc700649f5ed4f0e4803d2a98765c92314e59308727681d49a047a9d2d2519e700568602d2f03b5251400b466933cd2e78a005a052004f5a5ef40076a38cd1c52d00140a3f0a280140c51451d7ad0014b49d477a28006608093d057217b77f6cba6946704e17e95bbaf5f25869ed231f9a522241ea5b8fd3afe15ca9720fcbd7d0571632a59289e9e5d4b9a4e4cb11bef380471fad588c1623f9e2aac0303af53d6aec60000a8c8af3373dbb589506324807ebda9ec03741fa52212140c71d69dc0f5f519ab44f51a133d327fad2852a7a71d33d693b67820529c0c73f811c503635d06719e9daa264cf4fc722a472036791e86a17651c6e03271c1a976248a5898721aaa4a428c1e077ab4e76ae413b476154a776cf4e4fe46a59ac55ca53b853f2e4e47159d72dcf2720f23e956ae9ce3ef115466724e71f91a9b9a58a131eb8eb59b71c0cd685c9c83ce6b3e7ce3049aa46334674fd4f6cd5464e49c9e2ae4e33ce2ab371d4f5ad91cb2206f949a8a57250d49263f1aacfd0e735a23093398f102e7240cd72ee36b7eb5d8eb4819180ae466528e73eb5db45e879f5d6a57dd907de951ca90c3a8a69e01fca8ce56b7398edfc01e2c6d13538d6e26905b4a7638ecb9e8d5ed82e15f6912232b2ee054e739af982390a6d6071839af69f87fae5c6ada247134a249606dac0f5c76a96523b577c839200f41513488065ba76155cba8ddb94ae3bd34ca42f5fce95ca2c99b7f45000e3ad34c9b481c67deaab4bbb031f8d1e66cea7f134c0b3f681b8008481d58d28954f2d907d055313e4617047724f14ef33238c1fa5032dabb03ca8c75a7ab973938e7a0cf4aa226e4215381c926a412f7231ed8a047b30a514da5ad4e70fa53a9051d280168eb483de96800fc6978a4a5a003d85068cd0280168a4fad2fb5001de978f5a4cfe3471400b918a3bd140340ce5bc5ec24bbb188f2210f363d0fdd1fccd64460e060124d69f891d5b54000f9846031fcce3f5aa96d133ed6c71dbd2bc7c5cb9aa347d06023cb493ee58b64c7247e956554e40c714b14195cff004e2a6f2b0bd0fe158a89d7cc47e9c81de909cf39e94f71e8718a8b7672323d0e281a01239c6481f876a72b3283c8a67e18007a50a46ec63f4a5729ad0733f039cfe155a4620e719c54af82bd78350b283d0fe1d693124559db19c21ddd78f4aa52b90c541c83eb57de20c0e73f2f4f6aa73418183c63bfad4346a9d8cd99fe639c0273541d8afcbcd5fb88fe6ce78aa170a07cb81cd4a1b6509989233d73d6a9cd96193919ab73123af2455676010e7935a23293b946518041e3354660074e6aecc576e4f3dab3a56c7b8ada072542363ebdc55699f0a69eee41e4d50bc94edc670735b24734d997ac4a361fa572b70dbc9adbd42566ca939ac294e5abae92b1c155dd9030c8229be80529e69070dd7b56e8e7153918fc6bb5f879a99b0d5bcb2ee23997610a7bf635c4f4718f4addf0cdc18b5ab5e01cb8539f7e2931a3dbd58ed0ccc587bd46651dc73ed54e1998a0e4aa818f734ef3b3d093f51d2a0d0b266e7a9c7a537cc0c7a9e7deabb3fbd2799df2b9a622cb3820f1ba94bb6de30bf4aa865da71e6a8c7b75a53230e7f91eb4016c4aaa30381dc9a7acebceedc40ef548c8dc74c548256519c2fae3b531a3dea973483da8ef5a9cc2d14668a005a3269296800a5a4a38ce280141a28a3e9400bcd1f8d14702800f6a28a280169093ce7a51f8d50d6af0dad9100e1e4f957fa9a9949455d9708b949451cddd9fb65f4d2e7702d81f4e82addb42b1819edc566addc3181f30c8ea4f6a726b3144a7738c0e735e33d65767d2423cb15146f45c81818e314e230307bfeb546c354b7b95fddbeefa76ab0d751e76f9abbb1d3355d05d4529bb38229820e338e7bd4ab2a1e383815290186738c54d8d39ac55f2ff00134a2207d3eb568a2f5239ed4c603240c814ac1ce54922209c0fa0c5466318cff7aa79e658c63bf4ebd6a84d7b106fbc3238a4d149b64ad196e38354e68c11c819f4a94dd02080c3b64d579655fbdbb9ef4ac34ca3711f5ddd3159571160f079ad69e656f949071e9552750c83bd4b89460dcc21073ce47159b3823bfe15bb7080af1f88358f77194cb66844c8c9b93b491eb59f23f3838e6ad5d96427b8f5acf76ed9e95d10471d464772fb4120e2b12fee0924568df4876f535837926ef5e3d3bd6f047154919d733139cd66c80f5ee78157ae41c1aa47ae4d7544e49101e2a31f7bf1c54ce31c545fc59f7ad11931ebcba8f4e2afe9609d421dbddc73f8d500b824e6b4344c8d52dce7f8c75fad0c11eb96b70cd0a17dc5b1819ed52b5c4a78de0afd2a9c230010c00c72a0f14f6940192fcfa1accd4b05c74180476cd30b8539e73eb8e95559c7de3f98149e60ea48fa134202d79b803041fa9e6955c8e41e6aa34dce58f3d8e29dbf032dfad311743e3be3d89a70c8c9dc3dc66b3c48a4e48c1f415209138c36ec7af6a633e9114bf4a4a5ad4e617eb451450014bd4d251cd002d03a5140c9a005c8140a4ed4a3a5002d1d293f1a5a003340c514500231c6dfad797fc4df1b47a75f2d942b23c8a982c0e1549ed9f5c7f4af4f90e23638ce06715f2878dd6f2efc537713bbacaf2b1669472833c67b74eddab0c47c363ab0ba4ee6adff00c40b9481605982e3ef6d3d7f1f5ff39ae667f1a6a37972591a4014e42e4f5f5f735b5a5fc2dbfd4112592f4052739c123f3f5aeaf49f83d61061eee5321183d4ae07f3ae2bc227a5cb565e47047c5dad2c788af6424f544278fd2b53c2be39d512ec35c5d4ec99c367b7f8d7a50f87ba2c1f34518c81ce4f5fcaaa49e0ad2048648e2d8fdd81feb58ceac36b1bc294d3bdcd0d27c68b142ad3b020f0581cf19c0e3ebc575ba66b11deaee47c9c9e0f5c579e4be1a446cc7b590f504f3fe78ae97c3f6e202aa0e49c649ea6b0e7d743aada7bc75e271826b2b55d67ec633b1b819071d7dab41d4f95951f8573fac21746553e61c742719fc7d7deaa527626095ce4b51f1acd7a5edd996121f0b20eaa7f85bfcfb8aa2de22bab7b85b8b90a580d92053c120fa7b66a2d674efde87401413f3ab743dbb7ae47f9e6b3d74e99c61dc96c1fc4f6febf5a135bb07296c913dd78cafad17798cb3027a9c0539e781d6ab8f8a414ac7756eeb9e3723673503f81af2f98b99c93d7e638c9fc2a8dd78035181d8c509909fee807f99ade1ecdf539a72aa9e86ea78f2de67c798323b4be9f5157a3f14c12a83e6120751d715e6f7de1abdb5f9a4b69a16cf5c707ebe955d2e6eed4af9b1ba95e338e08ab74a2f6256226be247a55c7886ddbe649fe8a6a25d4a2bb43c824d79dcdaa24837018ddd79e86ade9fab326dcb1607bd27474296253763a4bcc63391cf439acc63c9a7b5dadc0dc0e47ad42cfde9c558caa4ae52bd0db722b16eb3863dc5746ebb979ac9bfb603242f35ac59cd35739fb8aa6e718abb7436b91d71ebe9549f19e7a57544e3910b8e2a31f78548ff7691791c75ab466c639c0c03deb4b44526fedc0ebb85668197addf0c206d4a127954cb1a182dcf458f0532cc071f85233a679c67b002827701c29c546cf8c919207a76accd4717e7053f00698d22138208fad3371c12c0f3dcf6a6961d060afad30240cbfde1c526e0a72dbb1db06987206e61c76c53770ecc09f7a00b0a40e59b8fe469c2550783b8fd2ab640f424fbd38304e3907dbbd303ea20297f1cd20e94a315a9cc14b49f8d2f4a00323d296907ad2d0018e6824d1f8d19a005a3afb52528a00296933475a005a28a0500230c823d78cd7886ade0d5b2f19dd4e67137992b3aef03201c1fcbb57b801eb5c8f8aac623a84732e37ed2587f87a573e26ca9b67560ff88918736a367a4d91918c4a1786da7193fd6b8dd5fe2b69d6a1e080abc9ce496c2a9fad43e3db0d475411d8e9d315695f9047ddf539ae5349f044be16d520bcbdb66d45149f908e7dc815e553519eb267bb394e1a4116b52f895abc7124f2457bf667c2c72243e5ab1ebc161cf1ed542ebe21ea169747cf8b52b7590ee8b7b0395c0f6e79aeafe27ea5a5f89f40b0934e665b9b47f9ed9a321b04638ec71815c4f8ceff0055f196bd697f7b60d00b780471c51213bb1df35d9ece92470fb6aedea757a278daeeed148992e87f1215dae2bd3fc31aa457918e3a00464722bc7fc2567610417335f2c96f70c479395208c7afd6bd47c2721961498c26325790463fcfafe35c152293563d1a4dce1ef23b59660109c123e95cf6a92a80487c0ed5767bf558fa8f4ae575ed446c62b81cf353335853b6acc8d73518e153923f3aa1a0ddc77f3fccc001ea6b9bf105fbcacdc919ed50f878b5ccfe5197cb43cb1ab8d35cb766729fbd647a71f10e9d64cb0c6a6693b08d771ab76fe2189d4b3d84c141e5b00e0fe75c5dbcdf6dbb4d33440a6e0e55e6c6500ef9f5aed74af84b6d796b2bddeb7a95dc810c8f1a4db632dec07f8d69428f399626ac68ad498eafa7ddb88db6a0dbf75d39ea477f706b3350d034abc52cb0c5f3752e33fa62bcb75fd21f43f09c1aec3e20b81752cef135933124012301fa0cd6669be3bd76ca252d2fda213c8dfd456b3c34e3aa673431506ecd1d2f893e1f5b17925b0770c7b646dcfd3b57097b617ba44a1640c57b1c1aef349f883697a561bb3e43bf19e833f5ab9abdb2dd47b8ed995ba1ce0fff005e88d494749953a509ae681e756fab49138c838eea6b762984caac8490466abea5a522f28a723d0006a0b3cc7852300f7ed5b5d35a1cb6945d99aaac08ebd29b3c4248c9201a64448720fa7e7564fcc00351d4d12d0e4f56b2647661d2b15d700835d86af06632c00c8ae4ee07ce6ba694ae8e3ad1b32a3f4029a0f19a56e08a691807deb739c5439c9f6ae9bc1b1e6f5db1f753f5ae663ebf5aeb3c12a3ed13e7046d03f5a5205b9d786c8ca81cfad319b68c01cff2a7c9d4819c7ad42eeabf28ceefd2a0b176e4e0d338fe103f1a460c07031f4a6b678c80569801193c9feb406e71c9c7b52647b01ef41933fc436fd39a007671d79f7a7ab951c019ed5193c039e0f43eb49bd5bb0047bd303eaae94b4dc64d3ab539c294525039a005c81475a28ed400714b494a2801693e9474e828ed400b9005149c529a003af7a5a4edc5028181e45727ad5c87be949c9dbf2015d45d4c2081e43fc209e6b913fbd669a4c16273ed5c38e778a89e8e5d06e4e4648d35de569c2053d78152ad8acc3f7c32718c32e456a097cb2bc607d3342ddc4cdce3eb5e4f225b33db5cdd51ccdd68904b2b3c914448395f933f97358efa3080e1518ed5c120003fcf26bbc9a4b76ce14f23b1eb59b2842ff22863eb8e07d6aaced66cd60d6f6399b6d3d1645668b24f735d2db6db6b6278cd44635077903e5f6a49a4221ce70bd48a56b1ac5733d486fefc221008e7b8ae375cbf6958a29391d706afea97acaa4282c0e79ae4ae6f77dc7071938355057770acd256450d4216924c91c1e7356342863590433e42bb633d38abb35b89625618c74a7d85b87628e3233c7a8ad5bd2cce25077ba3734fd1174f52fa7ccf6c5ba146e9cfa9fceba2b1f13f88f498894bb8aed4ff000cf17007a6e522b334c7116229ce31f75fb0fad7411411c8079782a47515119ca2ef166b5210a8ad3479678afc3326afa8bdec76cb03dd3798d1a366304f5233c8cf5ef598be0ab841960df2b0c6e3f2f5c1e95ec7796114a773c20b0e3245654fa5c272766077e29bc4cae63f54a6797ea5e0e8d977840081f37603e94ba55cdc69216de677921e8149ce2bd11f44598fc88bcf3918acbd43c3119181d47af269fb77256910e8a8bbc4c0b98a3bc1ba20ac0f55f4fc2ab9f0e065f3000a7af4abe34d9aca5c3ae40e9915b10cd1bc406dc1a5ed251d89f66a4f5391fb2b42d823a77a940e304f35a7a9a00f95fc6b31b8e878ade32ba3194797428ea6bfba22b8dbc1b653effcebb3d43fd537d2b8bbf1f3939cf35d744e1c4149c679a6f56dbf8548c0951ed42266419e86ba0e5b12da5979b2942db47ae2bb3f0a69f2594370b20c386c67a8231d4571c25785c95aed7c2f7af7969e596e539fc2a1c99b2a6ad7361885ebbf351633c9c7e352b138258e4d42c370248007a934198d666fe12083df3d699804e4e4fb5040e9b7f2ef41f9b8e00f4a6021d87a7ffaa90363a85a523b7dea4dc4821b6f1d334000519ceec8faf14bb93a0383eb4de0755e294153d0607a91de981f568a3ad266941c9ad4e717a5145140c514679a4a5cd0014bc5274a5a003bd1451de8002334bf852514006734beb451fca81191e23988b78e056c176e4fb0ac5fbde9815a5e22204907beec7e959e17701fcebcdc4eb367d0e5b14a9a6579338e4e33e82ab9624fcab906b44c218f27f1340b75cff4ae2703d74d2467889d9b27bf6a963b324fa2fa55f8ad86ecb0ce3814cd4275b7876211e6b703dbde972d8ce52d6c8c7b99904a514e02f1542f0b08f9edd302b5edb4f79482075f5f5a8f5ad25a35df8c1f614a5176b9b41c63a5cf3ed5ddc6e04e49ee462b90bd0639771277039fad773ac5b6223919c71cf15c6ea71302484dc3157499cf8945dd1af9256314b8c1e95bb0e9c44a1e3195239af3f8e678240cb91cd77de15d6a2b9db04ac013c0a7522d6a8c694f5b3372d2dcb42370c9e9cd5c804b6a4856201f4ad4b3b152a0a0057bd4ef6208014718ef58f2b3aae999a97f270aea3d334c96eb0d82aa73ebc55892cb072062a136e42e0e4f7e7fc6a6ccbf6712b17491c164e47bd417202e768c7d0e2a79540f9b0df4aa17526e18cf1fcea9213a48a52959f2ac067d71dab1ee54dbb7cbf77b55f965c3861d0e41aa374eae5bb8ad628e4a8919d713efcfb567b1e720601ab53fcadc11f877aa8e0152715d31470d464176018cfd3a5713a8ff00ad38f5aee65c18dbe95c36a393391e84d74d1386ba22b78cb8e94e950c72ed1d47f3ab3a7440c723904855c7f5a10c73ca1c1c377f415a396a6518e832e2d8a44b291c37cbf956e782dbf7d22e78c1aaf3c227d39d179318de3f0eb56fc19072f21ee0d677b9d6a2945fa1d348540030c58f7ed50b9e70541fe95349f29e4e7d01ed513607dd383ea6b53848c9f518c53700f3bb83da9db811c9e6a32c3924aaf6a6217214f2085f4a4dcdc11903b022851bb823f1f5a38538f981fd2801c32fd187d29a481c2e41f7a0ee63c13b6939e9c01e82981f5752f4a4a5e9d6b539c5145251400b4b49474e940c534640a3da8c77a042d14993466818bd28cd1d68efd28017268e40e4d277a5fc680307c4e31259807192c3f955045caf5ed5a5e285263b5c2e7f7873ce38c56745804f1e95e76217becfa0cb5fee9132aff11c714e298e87ad2039eff95437131e99183c74ae66ec7a6b51d3dc888119ff00ebd653bb4d3b4848c01de9cec279950745ae6bc59e20bcd0e3f2edacccb33fdd27853ef9ac39aeca71b23abb1bcf2a504f207507b526b7ae2790f8007a7f9fcab81f0f78ab53ba774d42da30a067cd8b236fb106b4afee926877860cb8c839e0d5b934ac894a2dde4636b3a88bb242a8248ed59736992cd6f8db903be7f3ae5f5ff19cb6b7ed6ba741e6321c176fbb9a9f4cf1eeaa0ac575a7452a91cb46c548fcf356a9492ba39e5888ca5627bbd345b9231c8eb546295ece6f3632460e78aeb1e3fb65a09044c9b86e01874cd729a9ba5a8919cf41c7bd1195f4613825aa3d6fc1baeff69d9261be6e879aec3cb0400141c578dfc3192e514798182b57b0da4dba319f4eb59e8a4e26cb549914d6ead9e3afad56960c211fa8ad195f8f506a95c1ea000c3b7bd3b2368b662df260360f1e958775f283ce3fc2ba0bce7249ebd6b02fc6d0c715362dec625e3ed6e9803ad66cf372c338ab9784724fd2b1e49719ce056f0479d565a8c94f7cfcd55cb8076fad3a4c139fc6a2e87deb689c53632e182c7cf4ae36f908b96181d6babbf90f96c71f9573576a1e5c8c9dddeb5a6ce5aaae8bba65af9ba34857efb3919f6aca911eda4618c60e0fb5749a22ac7a4b0e4e64fc3a5656b6d11b890a819ce3eb549eb61c63eedc7e93705e5087a37ca6ba1f0c5b18ed1d8839cede3dab9cd121633ab91f2af24fa5769a4c622d362c8237658fe2685f11551da98f914293c1cd42feca09f4a9d8003a1c9a85d4e327a77c56c711031c9ce71ec7b521e9fd074a7371cf2298327919068101e9ce73ed4024f424e3d69bd0920127bd2e49e1463340070dd33f80a5f9ba527cbd37102932dd108c7a9a607d61f852e2900a3f9d6c738bd296939cd14805c0a2929698077a5c52518a005068147e3403c5200e86973498f6a5e28001f5a5e9d293a5140cc5f1337eeadfa70e4f3db8ac94c96f9b0437000ad0f15ca882d91d882f2671f4526b352403b631fad79b89f8cf732e76816c0f97206daa7792751c1c9ab0d2111e7231ef58da9ea315ac6e598641c01fe7d2b8aa4b43d684b52d5a47b0195c803ad56d4268664749d51a33fdec1ce2b1755f195b5b5b2c4855a7270a47dd1f8fafbff93c7eafe279a18c6cf2ddca8c06390a0f7c7f8d61157d8af68aedc8e889d36ca791e1d8bbb8241e08ff003fca925b2b79ed56d6d2e10c9820267b5700b24b7111779249ae0b71bc6d5407be3d7fa62ae68fac5cd8dd349b50b2f60471f8febfd6b75039e75f99ea4937815e19de5b8080336724f26aa4f6b0d812918562a40e474ae9b5fd6253611ed24ca5738f7eff00feaae2eeee679d49701b39527be3ff00ac2b58ddee6526a2f4352cb55bc8c35ba5d4657dc74a22f0fc77d7227ba98c9ce71ffd6ae55ccb04ca4b963eb9ea2b66c3569605e4f3d7d726871d2f11c6aa6ed23d33c3fa75bd995118c28c57650b04507aa9f4af3cd0fc476c51033804719f5aecad7568648f21c118e4835c6eea5a9d6ecd686ab9dc0f209ed54e760839fc69c8f93957ca91f8547328f2f19e7ad6aa571a7632ee5b1c0031d05615f860c4632bd38ad8bc3b49539cf3ce6b9fbc9096c64fe1de9a2a52d0c1bedf92318c13f95654bd707b56b5f292493953d71592d1b73915d103cdaaf52293a73f9d412381820f4eb9ab522ec5c0049aa7331008c706b589c9228de49bf3ce00f4ac47c17e3a0ad2be90146db93c77acddbb802bebcd6a8c246a5b5c7d934995981e1be5fae3ff00af5534cb35be9b332649e726ac94ff008972a3648de5a9f65208c8dbc1a5734820d9e54c6ce35c73876f6f4aec157c9b78d381b540acbd3ed56f6759194060724fa8ad9980192793ea6b4a7dccf10f6894a4191d3af5aaf2001b9ce076ab4e188e01aad2375ce40ef5a9ca4273eb81d85308278ed4f63dc907d01a8cfb63f0a042e7b33018f4a4ce3fdaf6146081ce4fa71d2930463af3ef4c05c10bc903d6900fa9149c138cb13f4a52580fbb953db3401f5853a9a0e3ad2d6c738b8f7a05267e94b9cd002d18a4c9e9de8e9d680173e99a071f5a09c7ad1d2800c73ea69693de826900a28031dcd1d78e9477a002973ed49f5a46fb87b71401c3f8e3534875ed16dc9c97f3188c74c8153c2031f97a75f615c67c5bd41ecbc61a67f763b7de00f52d8ff3f8574ba06a2b796c855b2ca8377724e7f957938897ef1a67bb8356a49a2e5fcbe54271f98af3df14dd9824659a52912e0e3fbfc74033d39233fe35e81abda3cf66c6370af927270028ee7fa8f7c57977892c4dc5fc92c8d948c80a87ae07ff005c9e2b867f16a7a0a4f974326e27b9bd9125116e70405dc33b7d3f9ff9e2b52c7c137777fbc9240199833eee493f5f5a960bfb7d16dfcfb850deb81922a1b9f8a3a6dbbaabb4f0c6dd098987f4aba7072d815bed32fc5f0ee682263e6c7216c1383dbb8ffebfbfb5535f8737cb2a1cc5b010405e4122b634dd62f754b68ef2c2deea6b67e16455c06cf4e6b496ef562c6dd74fbb126011f2e4e0d6ab43654e94baa31afbc3b3cba7428847da2124e187de24d618f0b5c995d5f00310718fcf15d4ea57975612a9ba8ae2238390e8ca78fc3d6b2df559594968ae86d3d761e98a9b3ee6ef0f4ad7b9cedd783ee04a4019400ed38c678ac9b9d1aed095752a71c37a1aeadb5bb810f9aa92b23672e63240f6cd655debe265cba6e07a122ad2671d4a505b330145ddb8ca33000fcb9e08c56de89e28bab721646257a60f4fcbd2b3a6f105a48ac4a1d8a792a3205574d474e9984a6e4c7b8f0d8e0fafd69ca9397439954e47a33d0f4df183a0553b9f279fcf9feb5d6e9fa9c57e9c30dddc1af26b5b3925c4b6f206439391d01fad6f6957d3db9054e19016cfae315cb35ca74c26e5b9dbdf478246467a838cd735a8ee562cbf37b0ed5da44a97da6c772147ceb935cc5f44038e36a9e83d6aa2c7295d18132199594800e3159324410cbc9fa57413288fcc0aa0b60819f6ac0bc90accf804e7a73ed5bc0e49b285d6e5f5c566dc48101f9bdf18abb70ccdc1c9f7e95957d36d04139c57444e39bd4a131321707a81d29836ed24601ed48c5bcc069849f3307d38ad119336b0bf628c762326a1b5b492e2610dbc4d2927a28cd43ac5c6cd3e3684ed7760bf863935daf80acded741676cbbcd233124fd055a85d5c4eb72e88974dd37ec16ffbcff5cdff008ed2ce8402727eb5a33023e50b8007e159d32fcd92e315a2565630949c9dd94a55e324f1f5eb5564e7b63d2adc9b41240cfb9ef55653938182077cd5125791b3c63934c20638c934e7e0f2464d30e49e33f4a0434b60f7fa668ce73ce33d334a07a67f2a3e72339e9d32298099e36b311e94e589b6e4631f5eb4d2c71cf41edd69a7058609fa0a00fad323a52d20a39ad8e71697f1a4fc79a3be28017e8681c52714a280018eb4b49c50280168f4a418f734b9a005e3d6933d80a300519a402d193d8527340cfa50078afc798b65ce97760a8f9dd189383c14ce3d863f9d57f046b9e6aac28c140da6439c163d71fe7d3f3ecfe316851dff0085a7bddbb9edb07eee4819e71e9c919fa578ef8127f2a470ef92a36827d72707ff00adef5e5632169dcf6b0134e163dbbed2b2c085b0491ce01381d7fc2b87d674e79ee3ed0df2296c95c7393ebef8c5749a34ed388f7488e8a84281d3af7faff8d55f17cc82d52351b5e53b8b28fba0e71f8ff8579d357d4f562fa19da6585a4f1c6a6247670321c671ef5cff008a3c2f6b705ed668800c7e5f5aefb40b630699192aa320638e99a8355d39350da41fde213d2ae8b691ac64968f6399f06ea37de14d2174a8d12ee28cfca4f0d8ce7ffad5d95978ee082e925bad3a51800663c3ff002ae696d7c89d44a0a1ce09f4ad245b13190181dbd4f5aeabb7adcd1e0a835f0fdc6cea5e2ed3353bc8277b794ac641219391df38a5d7fc5fa3cd108edad667ea4810edfe75907ecaaa5b001eb8c75ff38ac4d4afe2dadb40e41276f6a576afe628e5d45db7d3cc75cf88ecd74c4b1874e9236dad92db4024927d6b98bfd7c7f6343a6adac4be58652ffed124e7a7a63f2a6ddbcb75cc5131c7722b39b4b9a56cb923279fad0add4ceb6169c0c38b47716f2dbb4e9b65624955cf5ad6d1bc23048919917cd11fddf33b1fa74ad6b3d31220378c91d73dfe95b76088fb5002bbb8a2755a5a1cf0a54d3ba44da358dbdbc6d0b420447049f5fc6ab59d8477facb2c0a63546c03d771fe5c0e6b7cb241685547cca0e36fad1e11b66b92d2150b818439e9f857149f348de4fa9b9676ff0062b45b4dccca830addeb9fd59d51c16c7ca76835d35dbc36cb99092633dbd71dff003ae475a9d0fca187cdf320f4ad176316615d4c48259b1827048c67deb0ee1893bce01e78a35ad54bc6e188dc3a0e99ace9750014877fe207fcfb574c11cb37ad88279b692a4f4e0fb5645ccdbe6604e3b55832ef2c3a6e24e73f89acbb962260f9e38ae98a3924cb0cb890b303cd452e3ce1b413ce063bd4b3caac0118e0679f5a82dcf9b280013f3671551465265ad523f3bec16e8833231f947be2bd6eced134fb18600b811a74af3bb6b46975fb1c00c615de78ea7207f5af4e9db030339ef5bc76319fc4ccc9c965fb9d6b3ae142e7e60a3d2b4ae093d49c7ad65dc00c781c01e954414a518e871ed54e4e3a103eb572665071b493ef55243ce42f34015d9b1d867b5464b49cb1e7d853dc9639e79f518a613c64f41d2810991d33cfad2127765be7f714119cfbf50681f2ae78fa53106ec71ce3d3de970c475c9ef4dc93c95fca8c1cf2bc5007d683f5a51f9520a5ad8c0281ea38a06281400b4753c51d28c8a005a327d2931ed4bd781400671d2973ed49c014b40099ec297d28a09e7ad200ef466931e94bd28033b5cd30eada5de5a1da7ce89902b8ca9247523f2fcabe68bed1af7c2baaff00674e5108f94843e872727dce39fa57d4ed92383835e07f19f479b4cf11c5a8c9366dee9149403037a9c74ee0647a73eb5cd8985e373b30953965636bc3fa880b1442404ec56638e157b7e793fad47e21bc96fa68a08e4531b1c9c1e4f61edfe7f2e67c3924a96cf95c094818c63000ce73fa54f25dc56ee228d88607924e19b8c633db39af127bd8fa086d73d1ac1921b348d0ab3a801be6079f4c8cd47701a27041e7ae73fe7d6aa7876ea06b752db896e0670001ec3a0fe7573518438255895521880474c76cfe1f9524f4d0d62ba3336eb598172b2a072b9cb30c564dc788ac229542c2aa5972dcfb7ff5aabea16d777596111da80845ce3737e3cf5ff38ebc06b4f72b31f98a6e6c6ef51c74f6ebf956d07cccce6e505eeb3be93c5568583840d18079fc714d7d574e6c9dbb86cdddba67ff00af5e696f2b08a4197191919f5edfad5e1349b224dcd88f078ef9e95724ae671af51f53ba6d42d1e24f2976873dfdeab3ca064280e5b8ebd2b2acd24f21642188ea073c722b4e0b2b8751c6d381cf6159b958d5293dc75bb19a7447c04ad5b5043e081d3ae3ad50b7b6640b3b701c67f3ad069bcac6d2371e31ea79a86ee68959134920540ccc1551be6cf719e6b53c273246b3b1f9792704f23fcf35cd6a77a0af0172012493f5ab7a65c0168409712b2e0e3f5feb5934d3b89b4d58d2d5755cbb86200c9761f871fe7dab91d62f1d7ca6c8f9796f7f6ab37b702e6e5f0c7f76db72dd4903a9ff003deb9fd4e7789c79a082f91ec3b8feb5a41194d987ab4be63ee39e0e31edcd65cb39cf24edcf19ad3bc45601d9875ce0fbff00faab3af6348c13d79c0f4aee81c151f52091f009ddcfa556621c024e69646f94e40c9cd431b80303073d3deb748e56f5249656c60118c739abba3aaf9a159400fdfb9acd48e432678dbf4eb5d069102ab061f8d56c895ab37b41b7dfe28849fb821639f43fe4d76f2f7f989c704d727e1a8bfe272f313855871f8922ba89c0e42f0bdb2735a4764653f8994ae30d9e4b63b0359b72b93cb11ed57ee581c80bf88acd9b3ce464d5905498e3e503f1aa73119c0624fa62adcb8cf5e477354e538cfaf7028115dc9ee07d0d30e4b0e463d074a731f600530e71d703b1c50214fb0071498cfcd804d20e3e6c671fad349e7764a13dbd6980ff003421e833fdda03f50a739ebed4c3ec0e7da9c194f4ce7de803eb4a5a41d6947b56c601db8a5cfb62929783c1a003a51d2838e8281f5a005cfbd18f7349ed475edc5002834a7d8d2519a005c628fc293bd2f3e94007e1451d07bd1dfa52000473c1ae0be2b69971a8f87ee3cb855dc2e4138f900c9ea4103d49c8efd6bbdaa5ac58aea3a6dcdb3a2379b1b26186739045292bab150959dcf9974cb89adec9e3411dbba8d8598e5b391d07aff8529d47132c31a6f67f9971d01c6074efdea0f1f583e91af4fb2dfc8cfcdb1800d82491f77b8ce38f4cd675adeb43821231818da4927d79e304fb578f56924d9eed2acda47a2f86b515b2c6e9770c85e0fcb8fcabb886e229499ddf04f45279e9d6bc5f4ed5774ab34accdcee0a471935be9aedd48ac530b1edc630318f4c7735c8e2d33d0a534d1d56b3ab405248a0512b37c85939da4ff33edef5c8cfa03de19de5c6d863240f4017919fa7eb935a7a7cd2edf36e1b7c8482c24e14679e9edc74156acaf4bdccaae8db0900927e5e7071f5e94d3b1bf2a96e716744b88e765d8413903a0036f1dff3fc2a4834f1697091800a91f7988e3df39aec2f60b69a463238589412cccd85504f0a3f53f85655cb049524f299a32df22631d0f4e79e9fe455a9dc9f6496a59b345f24211c1007cdd47539adb85639e429191b41edfe7dab9cbdb8fb2aa2b298c3648fcb8a2c75a921824e72e7ee80bfa54bd46da46cea6f1daed58c9da54fcb8ebc135cfdc6b304814b12093bb23b71ff00eaaad7faccc96e1fccdcaa72003d31915cadc4ec32db89ce4ed1c0e3ae29c207356a96d8dc9f546f25879bbfa15c8c1cfbd4ba6f885c31da0173d0fa77ae4c5d79db9449b64e721bfad49a55fa472fef300915afb3b9ccea9dbc8e2208e18e1d8641ea78ff00eb5656b3739bb62c48c05c7b63aff3aa71eae7ed6bb8ee8800a3db3d0ff3a8b549d261c302c33939a51858255134655cde349015ce30d8ce3d2b3a6b9762c8c7a367dbb5589a1f2909dc300f159d2c811b04715d71471cd8f7625f693c29f5aab2f986e0f96871c1cd484a3919249278db5622801c7241f6ff00ebd6cb439dea4f611b28cbb0e7f1adcd380505b03e6f6ac88146e0b827d702b6ed32a833c54c8d208eb3c3513489214c6723a8ed5b13901f6ee00f71e9593e1738594e7d056a4e792578c715ac3631a9f1328dc10b9c10c7a0acfb819c82463b9cf15727da338f96b3e750a4e0647bf7aa332accca78182077c5539304e13e6f7ab32105be519fad5694a8c82c49f514c442dc9c727d6a225877c8f434e919b941d075a6798c38e403ed4c404e4ff9e294938c9604fb5202cd9e013480f39e07b01400bc8eed40c670c169bbd9320283dfe94eddb87df00fa77a00fad4114a0f1d2928ce0726b6301d9a38349401de8017a52d27e94671d2801723e94727e949f5eb467df8a005c8a526933467f1a005ce28349fa52d001cd19c0f5a3228cf1d29000a6c832a578c11827bd3bd8f14500792fc5cf062dfa41a9da93f68071b1a3562e327a93d3ef679f4c715e1d769f667fb3cca15e36c9030b9079e48e3f2afaef56b03a82f924ec464652e39619e381f4cd7cd9f12bc1f378775827ecf31468f7ab852df312472d8c12719ebc74cf15cb5a9df5476e1eaf4661c2fb846cd950dcaa01d81ad8b69de3539f95187217eb8e7f9fd6b914d4e482501df331621f8c1ce4f06baeb5ba8a69155d49da32541c0071d3fa715e7548347ab46a266f5ac924f20c6ee416f763ebed919ad092f6d869b2236d692339dbbbef71dbdf9c563c33f953895dc8118e1507de6ee493ed546eeefec4d98812adcb7273ce3a7e5fad60f53be33b234d6e64910ab2b053827b63b8c0f5279ab36f36d62f2a9795ce42af65ea00f4eb9358da7de999ca90630c3eee7a0ff0038e69d7c45b5c171291bc1ced3dbafe5492294fa96f51533b2dc4e1895cfc9bbbff081fa73588b76d02c86571b9414551d8fb7e353cf74e648b009246ee4719ff20fe159ba9b4780632338d85b1fc4727fc6b48ae861527d4924bdd9684be029e0ae7d7a7f5ac6bc00ae62270b86552791e951c93bc71159798c1047bff8ff00f5eb3e4be21c73ced5183cd744299c152adc8e69d400ea06e0d83eb4d8ee099fe4ef83f5aaf2ccb2b3a9e003f2e0f1515bc85241cf622ba547438dcddce821bb6f2864e769c15c75a6c9705dc8dd90c0ed27a7f9e954dae430603861c7d693cd0bd4718c29f4f5acf94d79c924b86236bf4079f715466666c853922a49a6ed9ebdc7151c70f1b89623dce2b58a3294ba0b6a48249c927a66aec44839da7df3d2990c6aa0374fd6ada2e064018f534db145162d94707193ec7a56adbf017359b00c301c1f5e6b42220543368a3aaf0dcc556651827838ad2b87dff31230791835c9dadf4d632acf111d3691ea2b563d4e39d77237079c13ca9ad29b56b18558b4ee599d9c7202e3f5ace71962ec4e7dea79640c7a9fad52770ea327b74ad4c48a43924293e9cd55908418e41a9e520719c1aacf81f33f140888963c7a77c537233976c7bd0ff31c8e47624d46c571803afaf6a621e42b7380e074c1c6690b0cf4ebd067a530f6c1c7d0f4a51c8c8e3d4e2810e03d371c76029557272bda98779c12c452a86ea3b5319f5c0c1a5a4cd03d4f35a980ee28e4f7c0a438fa9a338f4cd002ff003a5f7a6f3ec28c9cd003b27e9499cf514027147419279a005a518ed4ddd93d2973eb400b9f7fc28a338a3f2140067b5058f6e293a83d6827de80149a0fa03c5349c5058e78c52017a7354357d2a3d5ad9addc801f19603247a107b11eb570b678ed413e87140d1f2e7c54f02cfe1cd7e592ddbcd8643bd7e4c6dcf4f6ec7a5727a65fc966edb8b06604618febfd2be8cf89fa7c576d179e9b91e075073dc73f9f5fd6bc5f58f06bf9ec6cf040524285621d78c1efebfe78af3ab257713d4a17715223b6d5773aa3b6f949cbe0e4063dbfcff004a2e6fa096e583ba851f2fe18cff003fc6b0ae85dd848d14902a31fbcbc8247e66aac2af2a3393b9b38233f2afff005eb91d2d6fd0ec55b4b1bd05dca4831b1208c640f7ff0022a7b59da5b8dd348485272a4f1ec3f9563596a0638ce70ca991b81efedeb54935978898e150ccdd59bb5354db7a03ac92573aeb8d4228de5662aa2253861ce7b0e3e86b0ae7504011401f344c73e9db3fa1ac19351791dd37e4b701bd07f89aa925db957f9895e4283e95b4285b730a988b97a4be4da49c838fe63154aee5c2a1c82413c03e98ff00ebd576dc766781eff966824bf209e32067f99aea51b3391cae87798df291d73561554e4e78dc706abc519254672339fa55bdbf2903ebc5364a032665ea7ffd54e2e656f94f7a9e1b3322eeff00ebd595802a8519c9ea5b1c545cbb329ac4770dc413deaca439c1038ed9ab296278dac31eb5612d7be32d9ea7b5171a890c50b328ce0761cd4cb16d38208c1e4e3ad59fb3b05c77c75a1a3da3ae4f5e95373551088007ff00adcd5946dc4638f5a813730271cd48a420148ab17588f2c7d6a07df19df1b1561dc52f99fbb14aa0b822a2f6652575a946e75ed42c86e7b759e31c12a70d4fb5f18e9f74a15c3c2ddf70c8fcc54ed00604115cb788b4f8ad64f3e31b198e180e86ba6954527cace4ad47957323b359c4a9e64322b03dc7350b9661b99bf0af3eb1d56e6c5f304acb9ea3a835d2e95e2117ff00bb942897a0f435bb83473735cd56663f2a8c0efef42e464f3f5a6927aed39a69e4f20803af35203f23ea7bd1b9874031dc530363eeb1c7a52e4e33c29fe74c00673d76fb1ef4e52ad8c82b8e8699b89e5867d334f59547cac8c7de803eb9ef4b923a1a6f534bf5ad4c45e73d281d39a3e869327d68014003fc2978a403d08cd1d39ef400a4e3814bf5a6f03eb47d4d003b9a33cfbd26451c0ff0a00519ed463b6290938e7f4a3a1a0053f526933ed499fae05472cf140a5a59151477638a0093269ace7a71935c178dfe327873c1d06d170b7f787eedbdbb027f13d0578f6b3fb44f8a75095bfb3e2b6d3e23d3e5dedf99ff000a6a2d8ec7d3335c450219269123451c963802b8cd7fe2ff0084b402cafa92dd4c3fe595b7ce73f5e82be65d7bc75e22f13499d4f53b8b85518099dabf90ac352cdf283927afa0aa50ee3b1eabff000b26f3c65f10639a42e9a732b430db13f2aae3393ea78cff002aebae6cd51a35cbef284a93e99e7f0e7f95786e877bf60d62c660c4059941fa6706bdfd8cab1c6c54923251c1fbbe99ff003d0579d8c8da499e9e0dde0d185a9f872cf548b12a19003851bc2ec3df1c66b87d47c0ed03c8b13c402ff0b6481fad7ac22233a075452e0e71d01f4fa7d7155ae2c84ae136c499638f2ba37f4cff009cd72c26d1d1529a7a9e3326837cb18716e59718cf2a0e3eb59eda72b3281132e49cb29ce47f9ef5ed97160645e63ca74c60e7f5eff8566cda32480c6b0863273b4e0607bff8568aa18fb33c826b5441fbb53e6be7df00fbfad5392062cab123600ea7bd7acbf86a2cf962008fc80c470077e738cd64df6836d0361937328c328e403dbe63c55aa88874d9c12e9b214121e411d6ad47a44ccb91800818e3bd76096319da8a022a8e5bae4e2a6fece5545da819801d4e050ea0d53472b1e84557e6ea003c76ab51e970c7b806e71c8c6715b9f66504bb104e3a8f5a8191faaa055ebef8153ccd95c88ca5b2dae57f86a64b555c055ce739ed8abfe50de376e5239273c54c628c6422e481df9cd1cc35028476be581f4ef52ac257803dc9f5abed11cfddc93dcf5a77d9982966c8c0a572940a4233dc6493d2a3753920839ad0f2f79c91839eb507927602d819ebef45cab14f90b8079a8d8edc0e6ac4cb8ed555c67de9dc964b1e65216aea21c71d699a75b16038ebcd6bc564719c71eb59ca5a9ac23a198d19193c8c570de2ad445d5d08633958fa9f7aeb3c61ab268f6861423ed1270a076f7af36dc4b124e4fad75e169dfdf67162ea25ee21738a9623818070d9cee06a1505ce73803a5394e302bb8f3ce8b4bd759185bdd124745727f9d6fac8ac0152abe8735c163239ad1d3b567b422393f7910ec7b544a1d86a475bb8761b80ee2932ac70aa770f53505add4376a1a13f503a8fc2a62e0f049627b63a56658f0719ca8fce9cb90781510561d7eefbd3810806efc31401f5d8e3a528c773cd267f0a3f115a988e18f5a33cf24fd293a76a51400a07b6293bf26938ee68071da801c339cd04f38ef4993f4a4381c96c7bd003bf4a33dfad715e31f8b1e1cf08abc535d8babc5e96b07cce4fbf61f8d78f788be3f78a357dd1e991c1a441fdefbf211f53c0aa516c763e9296e22811a49a558d5464963802bcd3c4ff00b40785b446960b269b54b98c95db08c2023fda3c7e55f3c6ade2dd6757cff686af7b779eaaf29dbf974ac27994741cd572771d8f5cd6ff00691f115f6534cb3b4d3e3fef36647ff0af3ed73c69aff88e6336a7ab5d4f9e89bf6a0fa28e2b0778e49229370a692402492c92c993d07414f44c9cd30360e2959fe52abc67f5a63092524ec4e17d7d6a6004711c9209ebfe150c28092cdd17f534e91ced033cb1c9a00961701bcdc90632303debe8ed22e3edda5d8de10c649e056284e3271923f5af9e344b1fed1d4ecacb193733a21fa16e6be9ab68628d9ed428458db6a81c6062bcfc6b5748f43049eacab8d891e013196cf3c953fe18a914ee60c47cfc90aa49047a73c7e153c96ee0f97b4104745e9f5fe754761b52630711e738933818edfe73d2b80ed64ca126766643148b86f95473f893faf1559ec7ce724f00e785e9fd6ac0915a3654ced07078c63b531b7c711dbd3a72339fc48fd68158ce9adad7ccf955088f006d90631ee07f2aa1756a934c40dea14f206719fa74fd7f0ad74b9084c65fe7c67033cfd0938355ae6e11558e19d88046dc7ca3d7b52168ce7a4d3561570b1c8ccdfc478007e5c541e429255947cbc01903ff00d75ab2179e5f9660703962ab951f4e08351796830ac411eb818627f97e55570b1972db05e482aa0f38192698d0003cc030beb5a9e41552090028e18918e9df9f6e94d6b4963dbb5558773e9fe7345c7ca678b662402300f232339e78a5fb380e09e87d074ad2fb38505c004b756e47f9eb4cf2d65def102caabf2e78e4f6fd053b8f94a2d180abf772780c4f1f51ed49e4890ef2bf2e7a13dfbd5bb985b698f6a8dc71eff5c534c4c0a8c649e40e945c2c51b8188db047d7d6a0642506727233cd68488bfddce720fb8a81a1c4600fc7345c2c655c283df38ef55e384c9285c55db88f1bb27ad5ad1ac0cd36e65e3b7bd0e564472dd9a1a669a70091818ce6ac6a17116996b35c4e42c31a9627fa56dc16a121000e82bc9fe25f89fed976749b57fdcc2dfbd23f8dfd3f0fe751460eacec695aa2a50bf538fd63539b56bf96ee6272cdc0fee8ec2a99e7ad0067fc29703f015eda56564782db6eec4c0033d685247a1fad3771dc7de973814c448b7047f0647b1a796571b94fe150a8f5a46eb9538f5a605bb7b992160c8e548f4adfb0d755c04b8c293d1874ae66365380c706a40dff00eba4e29826770922b80ca7703d7078a915f3c6dcfb8ae3ecf53b8b46f91be527ee9e95d0596b56f758573e5c9e87a7e759b8345267d979a5c0a6fd052fa55198bc74a01a4e9d2947e74c05f6a0703ad263b8af29f89ff1b20f085d3e93a54515ddfa8fde3b1f9213e87d4fb5095c0ecbc6be3dd2bc1361e75ebf993b83e5409cb487fa0f7af08f187c6cd77c4768d690edd2eddbef0858f98c3d0b76fc2bcf75cf13ea5e22bf92ff0051ba92799ce724f007a01d85653ca58649ad545228bb35f72c41cb1392c4e49fc6a9bdd336726a02d4d24e29dc0734849ea6985f26909cfa71498ef48076ecd2b3738e69170a3269075cf3401229c8ce0014a09c73d4f029bd78c54b1a876c9e8a280254508aaa4f26a1948c91ef8a94025cc9c71c0aaef93220ea4b64fe14319d5fc3a884de35d250f4136ee7d949afa12e14c5a86f1f764ebf51debe7bf86c7fe2b8d2bd77b7fe826be8aba404ac9d70707f1e2bcac67c67a783f80748776c5703201f9b19c1ebfe3556e6202432e725fa63800fbfe957e1c328c818cf7ed4e9ad7ccf9572541dd8ae44cec6afa98a91a2fcc130f8c9c9e9edfe7ffad5149215fb800561f30c618fbf4feb5bad6c09f30c6391823d47a5519acdb69c492631f758641fafad364a320b48ca5f0001942ca40fc0601cfd2aba82d182cc5c919505f247f9fa56b3da4624dc108dfd194e573f4eb48f6e25775f2d4c4474c753fcaa4673ec1954caa87e53f736e493f9ff008d32589c6c608db09e767383d73fa11d3bd6bc7a7f96fb998b38041c0c67d39ff3d6a278fc9da63563b999b19c0cf3d7ea7b5171d8a0b1099244442a0703209078efed4e789620d1966d9b49fcb1c71f9d58164f2f99bdbca272a76f65ed8f7e9562deda58c6c64563d3818070073f4a06919de4c730cb0450a7f9e3ff00ad4c169fbc7d8bf74fe5d0e6b60d900c19d5783f2e460669a909390f8e9c67d697358d142e63cd6fb8b6fef801bd0ff87f8d46f01750c095ee323a8ff39ad416e1c28c70a01048c714180292428cf5e7b52e6051314c7f2676f2c7a1ef515c42173c7e35aed06ee40c90386a84d979a49c16a39897139e7b369987cbdfa0ae9346d385bae4afcdd09a96d74e0a7711cfd3a558d5f53b4f0d68f2df5d9c47180063abb7602a5b727ca85a4756733f10fc5d1f86f4d36d6ac3edd7230b8fe05e9bbfc2bc39d9a472ee49627927bd68ebdac5c6bda9cfa85c9f9a46e147451d80f6acd1c935ed61e82a51b753c5c4d775657e828ce40a462403ed4adc0e9cd333c1ae839c6af4cd3c8f7a685a78a00139a630e7a53d4608a47ef400d03703c53c3940006ddc72186307d8d46391934a781408992653804edfad4ca4e72bcd541d297040254e0d319f7e640f734a33f853723d314b9acc91723b8a33c73475eb48480093dbbd0066789b5eb5f0d68975a9dd3858e14240cf2cdd80fc6be2ed67506d4751b9be9c9796791a5639ee4e6bd3fe397c446d7f506d22ca53f61b5720e0f1238ea7e82bc7cb1e79ad62ac863f3c74eb4c6208e697002f5c9a8dcf418f7aa0137723de948e334dcf229f927031d290c605f7a7600a693f3548077a0061ec38a51dfd6933cd387193400abc1fe7538c018ee6a25a93de8014f4c0e80542a4998631c2ff0033523f09d69918fdec878e3039fa52633a2f01cbe578cb4a60483e6e3a57d2f1379aa5783d8fd6be62f051c78bb4dc1e920e6be9d86312b232371221047d2bcbc5fc67a983f8072c6525da38523393e957a15253072c3f5aca8ef952f1626398f05781ca30e707f5ad8b5749013e9dc5719d698d7801000c906a078383c907d6b48c5bd720927f9d325465c6e5c503324db46bc00bbbb9aaf2a9507823073c77ad5963c80300375cfad356d9881c0fa52b8ecb7311e14918f380c0f23834d92d99880a83e5209cf4ef5b7f640492aa01f523a521b40b8242e49f4eb486642e9cacfe648a38ea0fa0e94e92121b684e83b9fd2b585ba1507ef7b0a492dc753192c3a71431a68c9368a800193c74a826b6c381dc9c63d2b51adda371ba42a0f00752694c4807ca993fa0fc6a5977b1886dd554e30ab9f4a84c0197e553f31e9eb5ad241bdfe6e00fe54cf246ee9807b6393fe1490ee65ada6e6c30c01e95616c828e1471dbd2b49605cd3bcbdb818fa0a1a22e67c91c76b019656091a8cb39e001d6bc1fe22f8d1fc4da8986d99869f6e48897fbe7a6eff0aec7e3178e1638cf8734f941627374e9fc3fec67f9d78e3927249af4f0787b7ef247978cc45ff771f98d249e9c5201b474a500123f91a463ce3f4af40f382439414dedd69afd714f51c77a00551fe141040cd14a4d00264f4feb48f8238a5e3193fa537f4a6037a1a3b7ad3c8c0c91c1e94d1d3a7ff5a90807a034acc4b139c9f5348bd0d2153919a633efe1ea714bc0e8334ccd38607bd66216b80f8c7e36ff008453c36d05bc98bebd062880eaa3bb5778ee114bbf014649af93be2af8b0f8abc5b753a3e6dadb31423b6d1dff001357057607137923483739dcd9e7354f1c8e29c24326ff00ad3463afa56802b9da9f5a847a9a9586475a85ce001498c0139e339fa548a4e2a25c01ef5222f1927f0a004ea69ec481818a4db8e6901ddf85002a83e99a78e703bd309c0a91546dc93d2801d8c1e0d0c3e5eb401b8f144ad85c0fe54008e4b328e83814d8724311d4b1a404fc873ed4b09f91690cddf052e7c4f68c07dd6c8faf6afa76ca3daf1e3a2a80467b9cff00f5abe7bf85ba6fdbbc4d1b6d04463762be8bb55d844639c1dd9fe9f857958a7ef9ec6117eecada8dbaa4a668400c1b3f9019e3e869da5dd6f4de390ecd91f438fcfdaacce03b4e5937646e03eaa47f415cf5a2b58dcce39689e62391cae4f5fa74fc6b959d291dcda4c9322b232904723b8a95e350369e7d335cec1a834614c6859ba3a138ce3b83f4ad18355251a39d5f629c6f5f980faf7fd284c4e362e18629542ec01b39c7afd29c6dc80400a3ebd69914e2545f9e378cf465e953e170b89017faf14c9d481ad7a9dc78f414dfb322a86e1867ab1e957b6ee4cf5e38238a8e40a54216078fce97282974208e13f3281819e82992210718c67f4ab483cb241503381d6abdc48514bbe00145877d4a3730b11cba8259416c718cf4a8a51e582dc803bf526a47569191a48db0017ea300ff009cd445cdcb9c2388d7a13c64d458b4883ec9bcef6c839fba3b54b15a677600c1a9ededf3d4719ea7bd57b9b80e4ac2c5173c30efef45ac536f64198a36280a9238ea2b8ef893e3b83c21a46c830753b952205241d83bb9f6f4f53f8d6a78b3c4ba7f833457bfba2a65fbb0c2a7995fb0ff00135f356bdaedef88f529b52bf94c934ad93e8a3b28f402baf0d439df34b638b155fd9ae55b94279e49e6696562f2392cccdc924f735093cd3baf34d7f9475e6bd53c8109da3b834de4f3484e71da9470b8340868196f7a796c6053013c9fe94a47e7400e1c678a31da917ad28f7a6019f5a0a1501c82149201c71dbfc69a78a09e2800e00a31c7d6803d4e0504668005e4fe34846297d31fca9b401f7e723af340e28e7d78a5c803935988e23e2ef8ad7c2fe10b968e4db75743c98bd79ea7f2af93e79098e4949c93c64d7a3fc76f177f6ef8a9ac209375ad80f2d70782ff00c47fa5799df380ab18ce1473f5ada2ac80a709eb93529c0a8a12031e3352e3268400467d3dea26e4f2054cc02a1f5a84024feb40c6f73c629c189e29189a54f514807b703d6957017017eb4c6cf5a7f25319a6031b0c47b54bc85c7ad35546e03fad3fab75c50807a0f9735131c9007e55231c21a628f981f5a006b2edc8c70a09cd110c2a8e9c53ae08f2e41fecd08380290cf4ef82316753bd9400640a02e7debdd2250eabb73c13923b71d2bc2fe09394d43502158aa206206064f6ebdfad7b3e9d7d15c5bc254be4fcce36f5f6af2313fc467b785fe122fbbac32ae581c90a083c16edfa9351416ab289633b64511891bea727fc2a0d5af2ded823c8cf1ede76953b413dcfa9156eca78dee51edc659d76baf1c73d0feb58336294d6820b80aee5b78186cf718fe7fd0d49a7c71cca487d92a92a76b6329db8a7ea97300d446fdcaaa0921bb67d3d475fceaabc7f7f722b3a73b41e41e70c2a6da95d09ed239a0b89991580ddca91c9e07e1fa55a6be0c17f73b86de5436dc7bfff00ab3504c8b711c9710cb32301f32bff009f7352c418428c630d81b8311cb03ced3fe7f2a094ae5b8ccacbfeae4231fdec93e87d33daad23adc43f70ab20ea4727d71e9515b26c406324a9195fa7b1ab11012a36c3f32127047e94d13626b7653172c48fbc1f3d6a9ea122a446491d495e8a475f6fca9f112bb98b65377ddff3d6a2b84891c36dc13fa0e38ff3e945f41f2ea5492469df126dde17a01c03dbad4a008a35503249f9b1d05298ff007e5d88c10704fb76fd6a2bcba8e28b613d08185e4ff939c54ea6a92d915752be7fb3b2c2ec0b0c2ede3db35cfeb9e218340d3a4babab8f2e18c1dcdfde23a2a8f5ab7aceb769a4e9735ddc4ab12a806473fc007403fc3debe77f1978bee7c557a0e5a2b287220873d07a9f526b6a141d59791862310a8c6dd4abe2bf14df78b3547bcba62231f2c51e72235f41efea6b1cfa71d6933c51c0233e95ec462a2ac8f0e527277635be55ff003c531ce7af5a09cf1c609a69393ef4c8b88bc8c53c8c8c53541fad39b8382306980dc7a5277a524e7918a3038a402af14a3a738a4ec0734b9a60237bd340cafb53b3d69075e94007718cd1814a064e0f140e4f34000f4a43c12074a51d7bd349cf5a607df4a4fad60f8efc471f85bc2f7da93b00e9191183fc4e7802b787b5780fed19e28f3af2d3c3f0b9c423ce9803c163d2a22aec478b5d5c497974f348c5a4958b313dc9350de03bc83daa4806675cf6e6a1ba392588ad40823e0f1d6a51f4a897a54a2840249c9c629aa36f19cd39f9a4ec7b1ed486318738a70c0c707f1a4f9b391f8d041028014e38eb4bd718e697d3348383ebeb400e52074ea69ebf7ba0a675c9029d102c49c818a0025c02064d36363bfd3148ed9727a9a22e5b27ad002cff0075fbfca69c846dc9c1c8a382793807351db1fdc807d7029319ea3f031dbfb5f5050a197c90dc9c743d47d39af62b068ce917121c6f31336338c366bc0be14ea874cf13a267fe3e57ca007524f4af77793ec772e836ed217af424e33fc8feb5e56257be7b18497eecbc213710c31dc4acec0ab12bd1891c9f6c74a8e686486776b4470000e194e3cb6e73839efd7d39f7e2bd8eab1dc98544a8c1a41d4e48f53c7d71f8d743750a183fbcb2003eb93ffebae73a76330cb15f42a25552b203818e1863f43df1edc557d3a396cafa64cef5c0f9b1c91eff008d66a5bb5b44918790c030ebcf20739e3a119cf18cd323b99a0d433b84a8d819c6ec75cfd7fc4521377d0e9ca869cc3b9b795c0207273d88ff001a5d3ee042ad0dc295dac07238391dbfc2ab35cc822498a1dfb4b2ba9fbe3b0f63ed5696632da44c060b2af3fc48c39a49752ba58b00b47362162573bb039cf19fa0c8a9a6668ee56584962ebc81df1cff005ed59e9712198c9187529b57771d4e4f233cf156ac2ed2e6141955641b361ea31f8d316da951e7689b60470c406c0e06723d7ad4b35cc4f3c6a3249c804f181c75fcaa6ba48846f237ca11c1181d7923fad54689dd46e668cb723a64fa1fc3fcf5a9b1aa6993cc5a401559431e30067a75acbd62f974eb679a66091aa96663c2a81dfdb1d6a5b5565549de6db1aab17ddd3b139f61fe35e17f157e263f89666d234e2534e85b0cc0ff00af607aff00bbe9ebd6b5a545d4764655abaa31bb323e21f8f65f165e7d9ad4b47a5c2e4c6a7832b7f7dbdeb8c058f0073e94a7047d2851c91fd6bd78414572a3c1a952539394855e99143123e619e3d29ac4814d76ca9cd59044c703eb428cf34d1f31a9100e1783484387d7ad21eb4bd71918029a6980d60077eb42f1ce686e7f0a55c0a00506973d4739a3009ce73411d3d6801319ce01e3d693b5280719fd281d7a50000700f63401ce07d2941c76fc290f140064e69b4a78ef48477a00fbde6956189e56202a29627d315f19f8df5b7d7bc4da8ea0e73e6ccdb7fdd0703f4afa9be26eb7fd81e0ad4ae41024688c69f56e2be3b91cbb924f5a20b410e85bf7b9279c5473fbd2c5cc8323bd17008ffebd5810a919a9139e7b5458f5a923e1704f5a006e707d683f4a6824b1a940f9ba0207ad20223f7a9cc003f7b231d69b9cfad3bb601eb40c41c9a51cd26714bf4c73400f0c3ffad4f3f226338cd3157e98a59082b8ee7bd3021e49e29f1038cd357a703ad3c10a18fe5480683c838a4886ddc38c0269546149c75a440048e39c673f9d2035341d44e97ac59dea706290119fad7bc4fa8cf7f0dab944225dc19013caedda493ed9af9db38e47f09cd7b7f843568a7f0fc330daf2b2ed218f19c11fd41ae0c5c75b9e960a574e2ceaf4f26dad1becd801c37948c00d8a17afb7383ffeaae822d40dedac526d6565631b29390ac32319f4ff003c560ea53c5610db4f24b1a9113961b871c7031ebc7e953dadd43676d1158e43e646adce76b920faf19ec7d6b86e7a0e2b724d56fc191cc41e268ddc0f972aa84024fa120af4aad685008e49c6482785fe2e73dbd7f9553bdd462b4b88f4f8d9649f6994ec3953d493d7dcfbf4aada449b5922923cc92372371e4ec39c1f739e3fc45291303ab966852d9d60549239070d27011bd7f51d2abc7a93e9f979c33e011b9016f2c1c75ee73f4efdaace992f9e9047212f6f20230a71dbbff9ededcd2bc216f6ded244711a1e198f0a401c67eb8ebe9497734b742f595dc575e549b91bae5d7a32ee3839fc6b4eeeccc4c5adc2c6cedb5b68c6723afd715ccdce9b125c19add8159558b6c7c303d770f43d88ff00ebd6be9daa4c8ff66bbfde1c6524fef8ed9fc38a7ea3b7544f6928bbd32365211feeed1d3b03c7639ab37373188a395b29b07393d80aa12b7d966631ed8c193771c83907fa827f1af19f89bf1565d41e7d1f46b8fdc9062b8b98cf128feeafa2fbf7fe7a53a4e6ec8cead58d38f330f89ff149efe27f0fe892ecb642c971708dfebb9fba3fd9e993dfe9d7ca89c74ce4d20e41e7ea6865c640c1e87e95eb53a6a0ac8f0ead59549734833d49e3b714ae0700723bd34709bbf4a4031f31ab3314e02f4ef51c8c3b1cfe1d29cf80338a84819c0cf4ef4310abc03934f519e474a60e47414e191803f1a0071071d0537af6a7499e83151f38c5000793f4a51c0cd200714ee0803a50018c038ef49cfbd18cfe14bcd001d076a3181480629734000ee693391c119fa53b0140c1e7e949bb0722801319cd21e3d694139341c8e3afd6981f4bfed23aa35be85a7d8838134ad21f7007ff005ebe71539c9af67fda5eff00ccd6f4fb4cff00ab84b11f53ff00d6af174e47b535b0852718a927e79f5a8a6e147a8a98f3186f6a6056c0a72f4e291bdbbd2a8f96801aabf377a90920631d69aa0f5a52c0138e9e9400c200e052af0338a4a5fe1e38a00427b114a3939a61e0f5ef52a63038e05218f1d322a2624f4f4a713c605348cf269802a9a6b1cf1ef527017a7e951af27348078e81477a69f96656e30463db8a5ce0e48c8ed4c941db9c72b86143026233d475e2bb7f875a8ef78f4f7663fbc0001d81eb5c39e808cd6af856716daeda167644770090704561888de373a30d3e59a47b3ebfa8c739588063b0162718607214648ebdeba1d3ee16d6dbcbb95c8f942a9392140e40f4039fcab8bbc9bccbb856270b2b6e6c2f209183c8fc07e66ae3de89638da70cbe67ca4100e5ba11f91af25a3daba647aadc29d4a15555d8921c11c84e381c7d40fc6abc9777114a9b24c491bf988e78e17d47e7d3d4d5c4d3c6a62590c8c82055757553f3119c13eb93552df54692e269238d312391893381c7623dc11d3bd1b92958ee34bbd8ae2c209613fbc6018a02095cf3f98c915b7240a5119bf84ed2bd77647f8b570de1bbc30de25bca555150bae14e506e208f7c75e9dcd77704d9b4322b06248623d40e7f0e952958d1bd0afa95bb409b63db942ae38cedc903fcff009c65b5fc7059c379725238e14659652dc22e700f3f43577c51aee9fa2e992cfa84eb0460876e7927fba3d4f1c0f6af9dbc63e3abcf124f2c1033db698642e90038cfa16c7d3a76ade951751e9b1855c4c69475dce93e22fc523aa97d2f4295a3b1fb925c0c8794600da3b85ebf5af33df839ed48cdfe14a0719cf35e9d3a6a0ac8f1ead595497348324f248f5fa534b633cd296c727a547c9ce324d5990e5f9ba7d2a4230bb783490af5cf4144a4e3238fe94c646cd9a6632c7de973cf4cfe1474c609c52102f53efed4ecfcdcfe749b71f97eb41ca8f4340092641ff0a68196a0e4fad0339cd00380c138a07eb49cfd69d807ae45001d78ef487e53d695792703f5a42727340099e2946714982493c0ef5211b720f51c53018c79c70685e9d703bd1fc59fe74a73d280109a6b7d3f3a5cd35a803d27e396ae754f1dde00fb920c42b8f6ebfae6b8245caf4ad3f17deff68f886f6e81c89667607d8b1ace405623ef54221917a64d4e0e611c76c540d92dcf6ab0bfeab1ef401038c7a0a3b0e69d20e7e829a38e39a0070c01c714d03b9a701c734878eb4009c6e3f28fc6940c0a6f25ba528cb372680108f514abd314ac39f6cd263071eb40c3b63a51cfb9a3341e79fe740013ce3f95314e0f14e61ee334dc11db348056191819fad3b0085e783c1a00ed4b181b4af1c9eb400d88613693caf069e0b2b0743b594e41cf435148406dc3a746ff001a9339feb4add013b1dc78775896fd3ed4cea25b720b33f53804e3f31fcabaed34c77b341e5b3f956e77eeea5ba9e07d7f9d790d8df369f2b48a4ed752ae07715ea9e0526ead7ed2b22141236e56f72bd31e95e66229f29ea61aa739d259cf15b58b5b0056661e5c8a3f870082707d319f7fcab3fc31609e43894ee5059159ba30e3a7e954e65ba6d62fe232c6773aed651f7c67a7d0902b5eeafacfc3f6d10be9a28c5bbeedec7ef02391f8f0475e86b96cf647746dbb35f4dd340b8f25d8b28563e66795cf208f6a83c47e3dd27c2b68e2e24f32ec0c456d1b6589ec4ff7474fc2bce3c49f166495847a0c3f66611794d74461d875e07d4f53f9579dcd3c9712b4d348d2c8e773339c963ef5d74b08deb338abe352f7699b3e29f176a9e2ebf3737f2642ff00ab857eec63dbfc6b13a8c93d2854c8ddcf14ee00ea0e39af463149591e64a4e4eec6841b883918e7a734d2c0af4a717e2a1ce4f22988760e3f9f34e039c74c546bff00ebcd4c3007d78a043d703be0544e41603391f954b8001c678f5a87233cf6a00638dac0020fb8a31cd2f57c8e94a198719e0f148000c8c71eb485b8a523008cf7c50d8f5cfa03de8019d3914e1c03c500855c75f4f6a5233d327d7da8003f373f90a31c67b518380719a09038c7e34c0664e696907decd388c03d6900633d3a507903a7bd20a5c714c03a0e941f5a3a83dbd293d05002678e3ad273d314bd7a7f2a42463dfe9408b972fe632b73c8feb4f6042a2f420669807990c67dc8a9a7c063d3d2a9015c8cb678a9c7fabe3ae6a1ebcd488df2d0030a9cf5a61c863ed521249e0d47824f3400b48dc52803ae4fd283cf4a00439233420f5a4ea3ad1c5003b0781431e849ce07ad0081cf5a43c723afb5002fca4526e3b71938068e00a383dff4a000f3d8714cea69cdf77bd2a71de90c4e723d6953a63a52f192734919c7bd000473ce39e0d347c84a120e3a7b8a7b7207a8a409e6a81fc5d41a007afbf15bfe14f12cbe1fbe4632110e7b8c8ae7d08c0ec7a73d8d0e4b31cf4a89c14d59974ea383ba3b4bbf88ff0060b99a6d36dd649a4fbd2cfc81cf65fa7a9f5ae5758d7b50d7eecddea372f3ca46d19c00a3d001c0acf6e0fe34a39fba38f5a98528c36439d69cf46c4cf5f7e2a444dcd93c7f4a455e33923269e48e4718ec2b43314b6460542e413814ee9c739a68181ba8014f0b8f5a8782d5216c827927d4d314124e33400f52318a939c7a60f7a8d7af352670284004f072dce2a1618ce3bd484f0076a8f9e680050013ce41e9463d3bd0de80d2af6a004a01c1e3bf634e3df2393fa5231038a400475cf39e68ec291738ce38a4248e334c0774c60f5fd29091c9ea3b51c95cf5cf14d3cd02051ce69c7ae33c7bd274cfad29f9b031cfd281863f0e294e4267201a451fa52b7231fa5003011484f38a52769a6a8cb1ce69085cf19cd34753ef4e3f5a441eb4c0bd6bcc299ecf52dd70e7eb451548085b81c53a3e7ad14500290304e3b5420f5a28a00076a5e828a280158053ebf5a68f9872051450313278fa5039345140831ee7a519eb4514008ddf9cd2af38f7a28a40203bbad00e1a8a280024b024fad3a0397652060f3451400b21c056ee4e0fbd21ea3dce28a280078952059b92f9ea7f0a6a2fcaac724d1452431cc4f9a07e34e6e0034514c08598f5a77546cd1452018a7218e28519a28a0070e38f6a18903ad145003493803b52b0c007da8a280131fbc03de9540e68a281211ba1f6e94e9630a1304fcc327f33fe145140c691c91e83f3e693ff00d54514084638fe7480e79a28a402f65a51d33ef4514c603d7db349f8d145021b934a9d4514500364fbc29c384cd1451d40ffd9, '', '', '');
INSERT INTO `docenten` (`docent_id`, `voornaam`, `achternaam`, `email`, `telefoonnummer`, `gebruikersnaam`, `wachtwoord`, `foto`, `twitter`, `linkedin`, `instagram`) VALUES
(5, 'Justin', 'Benton', 'luctus.ipsum.leo@Etiamvestibulummassa.co.uk', 1, 'NoahBullock', 'test', '', '', '', ''),
(6, 'Bruno', 'Barrera', 'ante.blandit.viverra@Quisqueliberolacus.edu', 1, 'RahimBolton', 'orange', NULL, NULL, NULL, NULL),
(7, 'Robert', 'Solis', 'Mauris@Vestibulumanteipsum.co.uk', 1, 'AmeryWagner', 'blue', NULL, NULL, NULL, NULL),
(8, 'Linus', 'Delacruz', 'a.feugiat@aliquet.org', 1, 'OrlandoOsborn', 'yellow', NULL, NULL, NULL, NULL),
(9, 'Joseph', 'Patterson', 'tempor.arcu.Vestibulum@erat.net', 1, 'SolomonHenderson', 'green', NULL, NULL, NULL, NULL),
(10, 'Allen', 'Huber', 'Duis.dignissim@magnaa.net', 1, 'SimonNicholson', 'orange', NULL, NULL, NULL, NULL),
(11, 'Hakeem', 'Good', 'eget.ipsum@at.org', 1, 'JohnGilmore', 'green', NULL, NULL, NULL, NULL),
(12, 'Brody', 'Armstrong', 'aliquam@ut.edu', 1, 'EmmanuelYork', 'indigo', NULL, NULL, NULL, NULL);

-- --------------------------------------------------------

--
-- Tabelstructuur voor tabel `docenten_beschikbaarheid`
--

CREATE TABLE `docenten_beschikbaarheid` (
  `docent_id` int(11) NOT NULL,
  `beschikbaarheid_maandag` varchar(255) DEFAULT NULL,
  `beschikbaarheid_dinsdag` varchar(255) DEFAULT NULL,
  `beschikbaarheid_woensdag` varchar(255) DEFAULT NULL,
  `beschikbaarheid_donderdag` varchar(255) DEFAULT NULL,
  `beschikbaarheid_vrijdag` varchar(255) DEFAULT NULL
) ENGINE=InnoDB DEFAULT CHARSET=utf8mb4;

--
-- Gegevens worden geëxporteerd voor tabel `docenten_beschikbaarheid`
--

INSERT INTO `docenten_beschikbaarheid` (`docent_id`, `beschikbaarheid_maandag`, `beschikbaarheid_dinsdag`, `beschikbaarheid_woensdag`, `beschikbaarheid_donderdag`, `beschikbaarheid_vrijdag`) VALUES
(3, NULL, NULL, NULL, NULL, NULL),
(5, NULL, NULL, NULL, NULL, NULL),
(6, NULL, NULL, NULL, NULL, NULL);

-- --------------------------------------------------------

--
-- Tabelstructuur voor tabel `docenten_vakken`
--

CREATE TABLE `docenten_vakken` (
  `docent_id` int(11) NOT NULL,
  `vak_id` int(11) NOT NULL
) ENGINE=InnoDB DEFAULT CHARSET=utf8mb4;

--
-- Gegevens worden geëxporteerd voor tabel `docenten_vakken`
--

INSERT INTO `docenten_vakken` (`docent_id`, `vak_id`) VALUES
(5, 2),
(6, 1);

-- --------------------------------------------------------

--
-- Tabelstructuur voor tabel `klassen`
--

CREATE TABLE `klassen` (
  `klas_id` int(11) NOT NULL,
  `jaar` int(11) NOT NULL,
  `periode` int(11) NOT NULL,
  `opleidingen_idopleiding` int(11) NOT NULL
) ENGINE=InnoDB DEFAULT CHARSET=utf8mb4;

--
-- Gegevens worden geëxporteerd voor tabel `klassen`
--

INSERT INTO `klassen` (`klas_id`, `jaar`, `periode`, `opleidingen_idopleiding`) VALUES
(1, 1, 1, 9),
(2, 1, 1, 4),
(3, 1, 1, 9),
(4, 1, 1, 4),
(5, 1, 1, 9),
(6, 1, 1, 4),
(7, 1, 1, 9),
(8, 1, 1, 4);

-- --------------------------------------------------------

--
-- Tabelstructuur voor tabel `klassen_vakken`
--

CREATE TABLE `klassen_vakken` (
  `klas_id` int(11) NOT NULL,
  `vak_id` int(11) NOT NULL
) ENGINE=InnoDB DEFAULT CHARSET=utf8mb4;

--
-- Gegevens worden geëxporteerd voor tabel `klassen_vakken`
--

INSERT INTO `klassen_vakken` (`klas_id`, `vak_id`) VALUES
(1, 2),
(2, 6),
(7, 3);

-- --------------------------------------------------------

--
-- Tabelstructuur voor tabel `nieuws`
--

CREATE TABLE `nieuws` (
  `nieuws_id` int(11) NOT NULL,
  `klas_id` int(11) NOT NULL,
  `docent_id` int(11) NOT NULL,
  `datum` datetime DEFAULT NULL
) ENGINE=InnoDB DEFAULT CHARSET=utf8mb4;

--
-- Gegevens worden geëxporteerd voor tabel `nieuws`
--

INSERT INTO `nieuws` (`nieuws_id`, `klas_id`, `docent_id`, `datum`) VALUES
(2, 1, 3, NULL),
(3, 1, 3, NULL),
(4, 5, 7, NULL),
(5, 1, 3, NULL),
(6, 6, 3, NULL),
(7, 7, 3, NULL),
(8, 3, 7, NULL),
(9, 6, 3, NULL);

-- --------------------------------------------------------

--
-- Tabelstructuur voor tabel `nieuws_en`
--

CREATE TABLE `nieuws_en` (
  `nieuws_en_id` int(11) NOT NULL,
  `tekst_engels` text NOT NULL,
  `titel_engels` varchar(45) NOT NULL,
  `bijlage_engels` blob DEFAULT NULL,
  `afbeelding_engels` varchar(45) DEFAULT NULL
) ENGINE=InnoDB DEFAULT CHARSET=utf8mb4;

--
-- Gegevens worden geëxporteerd voor tabel `nieuws_en`
--

INSERT INTO `nieuws_en` (`nieuws_en_id`, `tekst_engels`, `titel_engels`, `bijlage_engels`, `afbeelding_engels`) VALUES
(2, 'Lorem ipsum dolor sit amet, consectetur adipiscing elit. Vestibulum aliquam velit nec purus vehicula euismod. Sed commodo tincidunt nulla. Nulla vel mauris id dui molestie vehicula sit amet consectetur ante. Pellentesque maximus, urna vitae malesuada porttitor, purus quam varius augue, id dictum purus mi vitae leo. Integer hendrerit nisl ut tellus sodales, at consequat nisl faucibus. Nunc venenatis vestibulum urna, vitae facilisis nulla pretium tempor. Donec condimentum erat ac diam imperdiet, tempor euismod libero accumsan. Mauris ultricies nibh neque, sit amet finibus libero feugiat et. Nulla fermentum non sem id faucibus. Aliquam a condimentum purus. Morbi ut condimentum est, sed varius est. Cras fringilla est nulla, rhoncus pharetra sem varius sed. Morbi lobortis risus urna. Aenean luctus, massa et malesuada laoreet, sapien turpis interdum sem, id sodales eros ipsum quis risus. Quisque sollicitudin massa in odio pharetra interdum.', 'News1', NULL, NULL),
(4, 'Lorem ipsum dolor sit amet, consectetur adipiscing elit. Vestibulum aliquam velit nec purus vehicula euismod. Sed commodo tincidunt nulla. Nulla vel mauris id dui molestie vehicula sit amet consectetur ante. Pellentesque maximus, urna vitae malesuada porttitor, purus quam varius augue, id dictum purus mi vitae leo. Integer hendrerit nisl ut tellus sodales, at consequat nisl faucibus. Nunc venenatis vestibulum urna, vitae facilisis nulla pretium tempor. Donec condimentum erat ac diam imperdiet, tempor euismod libero accumsan. Mauris ultricies nibh neque, sit amet finibus libero feugiat et. Nulla fermentum non sem id faucibus. Aliquam a condimentum purus. Morbi ut condimentum est, sed varius est. Cras fringilla est nulla, rhoncus pharetra sem varius sed. Morbi lobortis risus urna. Aenean luctus, massa et malesuada laoreet, sapien turpis interdum sem, id sodales eros ipsum quis risus. Quisque sollicitudin massa in odio pharetra interdum.', 'News1', NULL, NULL),
(6, 'Lorem ipsum dolor sit amet, consectetur adipiscing elit. Vestibulum aliquam velit nec purus vehicula euismod. Sed commodo tincidunt nulla. Nulla vel mauris id dui molestie vehicula sit amet consectetur ante. Pellentesque maximus, urna vitae malesuada porttitor, purus quam varius augue, id dictum purus mi vitae leo. Integer hendrerit nisl ut tellus sodales, at consequat nisl faucibus. Nunc venenatis vestibulum urna, vitae facilisis nulla pretium tempor. Donec condimentum erat ac diam imperdiet, tempor euismod libero accumsan. Mauris ultricies nibh neque, sit amet finibus libero feugiat et. Nulla fermentum non sem id faucibus. Aliquam a condimentum purus. Morbi ut condimentum est, sed varius est. Cras fringilla est nulla, rhoncus pharetra sem varius sed. Morbi lobortis risus urna. Aenean luctus, massa et malesuada laoreet, sapien turpis interdum sem, id sodales eros ipsum quis risus. Quisque sollicitudin massa in odio pharetra interdum.', 'News1', NULL, NULL);

-- --------------------------------------------------------

--
-- Tabelstructuur voor tabel `nieuws_nl`
--

CREATE TABLE `nieuws_nl` (
  `nieuws_nl_id` int(11) NOT NULL,
  `tekst_nederlands` text NOT NULL,
  `titel_nederlands` varchar(45) NOT NULL,
  `bijlage_nederlands` blob DEFAULT NULL,
  `afbeelding_nederlands` blob DEFAULT NULL
) ENGINE=InnoDB DEFAULT CHARSET=utf8mb4;

--
-- Gegevens worden geëxporteerd voor tabel `nieuws_nl`
--

INSERT INTO `nieuws_nl` (`nieuws_nl_id`, `tekst_nederlands`, `titel_nederlands`, `bijlage_nederlands`, `afbeelding_nederlands`) VALUES
(2, 'Lorem ipsum dolor sit amet, consectetur adipiscing elit. Vestibulum aliquam velit nec purus vehicula euismod. Sed commodo tincidunt nulla. Nulla vel mauris id dui molestie vehicula sit amet consectetur ante. Pellentesque maximus, urna vitae malesuada porttitor, purus quam varius augue, id dictum purus mi vitae leo. Integer hendrerit nisl ut tellus sodales, at consequat nisl faucibus. Nunc venenatis vestibulum urna, vitae facilisis nulla pretium tempor. Donec condimentum erat ac diam imperdiet, tempor euismod libero accumsan. Mauris ultricies nibh neque, sit amet finibus libero feugiat et. Nulla fermentum non sem id faucibus. Aliquam a condimentum purus. Morbi ut condimentum est, sed varius est. Cras fringilla est nulla, rhoncus pharetra sem varius sed. Morbi lobortis risus urna. Aenean luctus, massa et malesuada laoreet, sapien turpis interdum sem, id sodales eros ipsum quis risus. Quisque sollicitudin massa in odio pharetra interdum.', 'Nieuws1', NULL, NULL),
(3, 'Lorem ipsum dolor sit amet, consectetur adipiscing elit. Vestibulum aliquam velit nec purus vehicula euismod. Sed commodo tincidunt nulla. Nulla vel mauris id dui molestie vehicula sit amet consectetur ante. Pellentesque maximus, urna vitae malesuada porttitor, purus quam varius augue, id dictum purus mi vitae leo. Integer hendrerit nisl ut tellus sodales, at consequat nisl faucibus. Nunc venenatis vestibulum urna, vitae facilisis nulla pretium tempor. Donec condimentum erat ac diam imperdiet, tempor euismod libero accumsan. Mauris ultricies nibh neque, sit amet finibus libero feugiat et. Nulla fermentum non sem id faucibus. Aliquam a condimentum purus. Morbi ut condimentum est, sed varius est. Cras fringilla est nulla, rhoncus pharetra sem varius sed. Morbi lobortis risus urna. Aenean luctus, massa et malesuada laoreet, sapien turpis interdum sem, id sodales eros ipsum quis risus. Quisque sollicitudin massa in odio pharetra interdum.', 'Nieuws1', NULL, NULL),
(4, 'Lorem ipsum dolor sit amet, consectetur adipiscing elit. Vestibulum aliquam velit nec purus vehicula euismod. Sed commodo tincidunt nulla. Nulla vel mauris id dui molestie vehicula sit amet consectetur ante. Pellentesque maximus, urna vitae malesuada porttitor, purus quam varius augue, id dictum purus mi vitae leo. Integer hendrerit nisl ut tellus sodales, at consequat nisl faucibus. Nunc venenatis vestibulum urna, vitae facilisis nulla pretium tempor. Donec condimentum erat ac diam imperdiet, tempor euismod libero accumsan. Mauris ultricies nibh neque, sit amet finibus libero feugiat et. Nulla fermentum non sem id faucibus. Aliquam a condimentum purus. Morbi ut condimentum est, sed varius est. Cras fringilla est nulla, rhoncus pharetra sem varius sed. Morbi lobortis risus urna. Aenean luctus, massa et malesuada laoreet, sapien turpis interdum sem, id sodales eros ipsum quis risus. Quisque sollicitudin massa in odio pharetra interdum.', 'Nieuws1', NULL, NULL);

-- --------------------------------------------------------

--
-- Tabelstructuur voor tabel `opleidingen`
--

CREATE TABLE `opleidingen` (
  `opleiding_id` int(11) NOT NULL,
  `opleidingnaam` varchar(255) NOT NULL
) ENGINE=InnoDB DEFAULT CHARSET=utf8mb4;

--
-- Gegevens worden geëxporteerd voor tabel `opleidingen`
--

INSERT INTO `opleidingen` (`opleiding_id`, `opleidingnaam`) VALUES
(1, 'Non Enim LLC'),
(2, 'Leo In Lobortis PC'),
(3, 'Varius Incorporated'),
(4, 'Sed Diam Industries'),
(5, 'Rutrum Justo Praesent Company'),
(6, 'Laoreet Ltd'),
(7, 'Odio Phasellus Incorporated'),
(8, 'Orci Company'),
(9, 'A Tortor Inc.'),
(10, 'Urna Suscipit Nonummy Foundation');

-- --------------------------------------------------------

--
-- Tabelstructuur voor tabel `vakken`
--

CREATE TABLE `vakken` (
  `vak_id` int(11) NOT NULL,
  `vak` varchar(45) NOT NULL,
  `jaarlaag` int(11) NOT NULL,
  `periode` int(11) NOT NULL,
  `moduleboek` blob DEFAULT NULL
) ENGINE=InnoDB DEFAULT CHARSET=utf8mb4;

--
-- Gegevens worden geëxporteerd voor tabel `vakken`
--

INSERT INTO `vakken` (`vak_id`, `vak`, `jaarlaag`, `periode`, `moduleboek`) VALUES
(1, 'Human Resources', 1, 3, NULL),
(2, 'Research and Development', 1, 4, NULL),
(3, 'Research and Development', 1, 2, NULL),
(4, 'Advertising', 1, 2, NULL),
(5, 'Customer Service', 1, 3, NULL),
(6, 'Public Relations', 1, 1, NULL),
(7, 'Human Resources', 1, 2, NULL),
(8, 'Research and Development', 1, 3, NULL),
(9, 'Advertising', 1, 1, NULL),
(10, 'Research and Development', 1, 4, NULL);

--
-- Indexen voor geëxporteerde tabellen
--

--
-- Indexen voor tabel `docenten`
--
ALTER TABLE `docenten`
  ADD PRIMARY KEY (`docent_id`);

--
-- Indexen voor tabel `docenten_beschikbaarheid`
--
ALTER TABLE `docenten_beschikbaarheid`
  ADD PRIMARY KEY (`docent_id`),
  ADD KEY `fk_docenten_beschikbaarheid_docenten1_idx` (`docent_id`);

--
-- Indexen voor tabel `docenten_vakken`
--
ALTER TABLE `docenten_vakken`
  ADD KEY `fk_docent_has_subject_subject1_idx` (`vak_id`),
  ADD KEY `fk_docent_has_subject_docent1_idx` (`docent_id`);

--
-- Indexen voor tabel `klassen`
--
ALTER TABLE `klassen`
  ADD PRIMARY KEY (`klas_id`),
  ADD KEY `fk_klassen_opleidingen1_idx` (`opleidingen_idopleiding`);

--
-- Indexen voor tabel `klassen_vakken`
--
ALTER TABLE `klassen_vakken`
  ADD KEY `fk_klas_has_vakken_vakken1_idx` (`vak_id`),
  ADD KEY `fk_klas_has_vakken_klas1_idx` (`klas_id`);

--
-- Indexen voor tabel `nieuws`
--
ALTER TABLE `nieuws`
  ADD PRIMARY KEY (`nieuws_id`),
  ADD KEY `fk_nieuws_curriculum1_idx` (`klas_id`),
  ADD KEY `fk_nieuws_docenten1_idx` (`docent_id`);

--
-- Indexen voor tabel `nieuws_en`
--
ALTER TABLE `nieuws_en`
  ADD PRIMARY KEY (`nieuws_en_id`),
  ADD KEY `fk_nieuws_en_nieuws1_idx` (`nieuws_en_id`);

--
-- Indexen voor tabel `nieuws_nl`
--
ALTER TABLE `nieuws_nl`
  ADD PRIMARY KEY (`nieuws_nl_id`),
  ADD KEY `fk_nieuws_nl_nieuws1_idx` (`nieuws_nl_id`);

--
-- Indexen voor tabel `opleidingen`
--
ALTER TABLE `opleidingen`
  ADD PRIMARY KEY (`opleiding_id`);

--
-- Indexen voor tabel `vakken`
--
ALTER TABLE `vakken`
  ADD PRIMARY KEY (`vak_id`);

--
-- AUTO_INCREMENT voor geëxporteerde tabellen
--

--
-- AUTO_INCREMENT voor een tabel `docenten`
--
ALTER TABLE `docenten`
  MODIFY `docent_id` int(11) NOT NULL AUTO_INCREMENT, AUTO_INCREMENT=13;

--
-- AUTO_INCREMENT voor een tabel `klassen`
--
ALTER TABLE `klassen`
  MODIFY `klas_id` int(11) NOT NULL AUTO_INCREMENT, AUTO_INCREMENT=9;

--
-- AUTO_INCREMENT voor een tabel `nieuws`
--
ALTER TABLE `nieuws`
  MODIFY `nieuws_id` int(11) NOT NULL AUTO_INCREMENT, AUTO_INCREMENT=10;

--
-- AUTO_INCREMENT voor een tabel `opleidingen`
--
ALTER TABLE `opleidingen`
  MODIFY `opleiding_id` int(11) NOT NULL AUTO_INCREMENT, AUTO_INCREMENT=11;

--
-- AUTO_INCREMENT voor een tabel `vakken`
--
ALTER TABLE `vakken`
  MODIFY `vak_id` int(11) NOT NULL AUTO_INCREMENT, AUTO_INCREMENT=11;

--
-- Beperkingen voor geëxporteerde tabellen
--

--
-- Beperkingen voor tabel `docenten_beschikbaarheid`
--
ALTER TABLE `docenten_beschikbaarheid`
  ADD CONSTRAINT `fk_docenten_beschikbaarheid_docenten1` FOREIGN KEY (`docent_id`) REFERENCES `docenten` (`docent_id`) ON DELETE NO ACTION ON UPDATE NO ACTION;

--
-- Beperkingen voor tabel `docenten_vakken`
--
ALTER TABLE `docenten_vakken`
  ADD CONSTRAINT `fk_docent_has_subject_docent1` FOREIGN KEY (`docent_id`) REFERENCES `docenten` (`docent_id`) ON DELETE NO ACTION ON UPDATE NO ACTION,
  ADD CONSTRAINT `fk_docent_has_subject_subject1` FOREIGN KEY (`vak_id`) REFERENCES `vakken` (`vak_id`) ON DELETE NO ACTION ON UPDATE NO ACTION;

--
-- Beperkingen voor tabel `klassen`
--
ALTER TABLE `klassen`
  ADD CONSTRAINT `fk_klassen_opleidingen1` FOREIGN KEY (`opleidingen_idopleiding`) REFERENCES `opleidingen` (`opleiding_id`) ON DELETE NO ACTION ON UPDATE NO ACTION;

--
-- Beperkingen voor tabel `klassen_vakken`
--
ALTER TABLE `klassen_vakken`
  ADD CONSTRAINT `fk_klas_has_vakken_klas1` FOREIGN KEY (`klas_id`) REFERENCES `klassen` (`klas_id`) ON DELETE NO ACTION ON UPDATE NO ACTION,
  ADD CONSTRAINT `fk_klas_has_vakken_vakken1` FOREIGN KEY (`vak_id`) REFERENCES `vakken` (`vak_id`) ON DELETE NO ACTION ON UPDATE NO ACTION;

--
-- Beperkingen voor tabel `nieuws`
--
ALTER TABLE `nieuws`
  ADD CONSTRAINT `fk_nieuws_curriculum1` FOREIGN KEY (`klas_id`) REFERENCES `klassen` (`klas_id`) ON DELETE NO ACTION ON UPDATE NO ACTION,
  ADD CONSTRAINT `fk_nieuws_docenten1` FOREIGN KEY (`docent_id`) REFERENCES `docenten` (`docent_id`) ON DELETE NO ACTION ON UPDATE NO ACTION;

--
-- Beperkingen voor tabel `nieuws_en`
--
ALTER TABLE `nieuws_en`
  ADD CONSTRAINT `fk_nieuws_en_nieuws1` FOREIGN KEY (`nieuws_en_id`) REFERENCES `nieuws` (`nieuws_id`) ON DELETE NO ACTION ON UPDATE NO ACTION;

--
-- Beperkingen voor tabel `nieuws_nl`
--
ALTER TABLE `nieuws_nl`
  ADD CONSTRAINT `fk_nieuws_nl_nieuws1` FOREIGN KEY (`nieuws_nl_id`) REFERENCES `nieuws` (`nieuws_id`) ON DELETE NO ACTION ON UPDATE NO ACTION;
COMMIT;

/*!40101 SET CHARACTER_SET_CLIENT=@OLD_CHARACTER_SET_CLIENT */;
/*!40101 SET CHARACTER_SET_RESULTS=@OLD_CHARACTER_SET_RESULTS */;
/*!40101 SET COLLATION_CONNECTION=@OLD_COLLATION_CONNECTION */;
